id,true_emojis,predicted_emojis,precision,recall,f1_score,exact_match
0,🏎️ 📱 🕵️ 🥟,🥟 🕵️ 🕵️ ⁉️,0.67,0.5,0.57,0
1,🏎️ 🤔 🟰 🧑,🧑 🤔,1.0,0.5,0.67,0
2,🧚 🇺🇲 🪨 🇺🇸,🇺🇲 🪨 🕉️,0.67,0.5,0.57,0
3,🆎 🥏 🔒 🥁,🔒 〽️ 🤔,0.33,0.25,0.29,0
4,🇳🇺 🕝 🍡 👪,🍡 ➕ 🗣️ 🏤,0.25,0.25,0.25,0
5,🇺🇲 🚢 🏥 🇺🇸,🚢 🏥 🇺🇸 🧑‍🌾,0.75,0.75,0.75,0
6,👑 💔 🧑🏽‍🎨 📕,👑 🖤 ❔,0.33,0.25,0.29,0
7,🗳️ 🤔 ➕ 🏸,🗳️ 🤔 🏭 🕐,0.5,0.5,0.5,0
8,✍️ 🛐 🗣️ 🪰,✍️ 🛐 ➕,0.67,0.5,0.57,0
9,➕ 👌 🇹🇷 🔗,➕ 👌 ☸️ 👑,0.5,0.5,0.5,0
10,🧴 🏝️ 🇼🇫 🔚,📍 ⛏️ 👤 🏭,0.0,0.0,0.0,0
11,🇬🇷 👋 🧑 🕉️,🕉️ 👋 🧑,1.0,0.75,0.86,0
12,😲 🎲 👪 🫄,😲 👪 👨,0.67,0.5,0.57,0
13,🕦 🤔 🔆 ➕,🤔 🔆 🧰 🏴󠁧󠁢󠁥󠁮󠁧󠁿,0.5,0.5,0.5,0
14,😥 😋 🥝 💩,😋 🥝 ➕ 🛐,0.5,0.5,0.5,0
15,🕳️ 🌠 ⚾ ⏫,⏫ 🌠 🏘️ ⚰️,0.5,0.5,0.5,0
16,🤔 😞 💸 🏏,🏏 💸 💸 🧑‍🏫,0.67,0.5,0.57,0
17,🐄 🕉️ 👊 🕉️,🕉️ 👊 ⚾ 🤎,0.5,0.67,0.57,0
18,🦣 🕉️ 🤔 🍿,🕉️ 🦣 🍿 🏝️,0.75,0.75,0.75,0
19,👘 💂 ➕ 🦔,💂 ➕,1.0,0.5,0.67,0
20,🎒 🦁 ℹ️ 🇲🇫,🏷️ ➕ ℹ️,0.33,0.25,0.29,0
21,➕ ➕ 👨 👗,🧵 🔗 ✡️ ⏲️,0.0,0.0,0.0,0
22,🎣 🕉️ ➕ ⛏️,⛏️ 🕉️ ➕ 🪝,0.75,0.75,0.75,0
23,🏃🏼 🃏 🚧 ❔,🃏 👪 🎟️ 👌,0.25,0.25,0.25,0
24,➗ 🔑 🧑,➗ 🔑 🧑,1.0,1.0,1.0,1
25,🇺🇸 🚊 🇬🇪,🇺🇸,1.0,0.33,0.5,0
26,🪰 ⏲️ 💯 🪵,💯 ⏲️ 👩‍👧 👶,0.5,0.5,0.5,0
27,🇮🇳 🐐 🥈 🆖,🫓,0.0,0.0,0.0,0
28,🕉️ ➕ 😲 🕉️,🕉️ 😲 😲 ❇️,0.67,0.67,0.67,0
29,📮 🔗 😀 👥,📮 🔗 😀 👥,1.0,1.0,1.0,1
30,🧒 🍶 👩 👨,🏥 🧒 👨 🤑,0.5,0.5,0.5,0
31,👻 ⭐ 🧚 ⏲️,👻 🛕 ⭐ 🧚,0.75,0.75,0.75,0
32,➕ 🕉️ ⌚ 🧒,⌚ 🧒 👗,0.67,0.5,0.57,0
33,⚖️ 🫟 🥫 ⛓️,🥫 ⚖️ ⚖️ 🤔,0.67,0.5,0.57,0
34,🕉️ ❓ 🍶 ➕,🕉️ ❓ 🍶 ➕,1.0,1.0,1.0,1
35,🤔 🇨🇻 ⏲️ ⭐,🤔 🥵 💌,0.33,0.25,0.29,0
36,😌 🏃 🦝 🚚,🦝 🪓,0.5,0.25,0.33,0
37,💣 ☦️ 🇨🇺 🕌,☦️ 🇩🇪,0.5,0.25,0.33,0
38,🦤 📮 🧑‍🦰 ➕,➕ 🔒 📮 🧑‍🏫,0.5,0.5,0.5,0
39,🖼️ 😟 🇳🇬 🧑‍🏫,🆕 🧑‍🏫 🕉️ 🌍,0.25,0.25,0.25,0
40,🏸 ⭐ 🇮🇶 🏰,⭐ 🎮,0.5,0.25,0.33,0
41,⌚ 🕉️ ➕ ♾️,⌚ ➕ 🏫 👶,0.5,0.5,0.5,0
42,🤑 ⌚ ➕,⌚,1.0,0.33,0.5,0
43,🚲 🧑 🏃 👊,🫗 🚲 🏃,0.67,0.5,0.57,0
44,🪇 🏳️ ➕ 🪰,👧 ➕ 🪰 🇺🇸,0.5,0.5,0.5,0
45,🕉️ ⛏️ 😂,⛏️ 😂,1.0,0.67,0.8,0
46,🌃 💡 🌏 🕯️,🌃 🌏 💡 🇲🇫,0.75,0.75,0.75,0
47,👪 ↘️ 🥓,👪 ↘️,1.0,0.67,0.8,0
48,👂 🐐 🪂,🐐 👂 🪂,1.0,1.0,1.0,1
49,➕ 🕣 🦒 🤔,➕ 🕣 🦒 ✌️,0.75,0.75,0.75,0
50,🧑‍🧒 🕌 🇨🇦 🕉️,👩 🇨🇦 🕉️ 🪓,0.5,0.5,0.5,0
51,➕ 🎭 🪂 🍶,🧑 🧛 ♟️ 🃏,0.0,0.0,0.0,0
52,🚫 💯 🦄,💯,1.0,0.33,0.5,0
53,🙆 🃏 🍢,,0.0,0.0,0.0,0
54,🏴󠁧󠁢󠁥󠁮󠁧󠁿 👅 🇹🇷 🛸,🛸 👅 👨‍👦,0.67,0.5,0.57,0
55,📰 🔗 🫟 ✌️,📰 🔗 📰 ✌️,1.0,0.75,0.86,0
56,📟 🤔 👀 🤮,👀 📟 🤔 🍶,0.75,0.75,0.75,0
57,🥻 🏡 🍢,🥻 🏡 🍢,1.0,1.0,1.0,1
58,😂 💓 😡 🕉️,😂 💓 🕉️ ➕,0.75,0.75,0.75,0
59,🌏 ➕ 🤔 🗑️,🤔 ➕ 🌏 🎲,0.75,0.75,0.75,0
60,🪜 😩 😋 🙍,🪜 😋 🙍,1.0,0.75,0.86,0
61,⛑️ 👻 🤔 🐐,🐐 🐕 🫗 ⚒️,0.25,0.25,0.25,0
62,🎧 👗 🥟 🎺,🧑 🎺 ⌚ 🙂,0.25,0.25,0.25,0
63,⚗️ 🆓 ⛏️ 🧑‍🔬,➕ ⛪ 🧑‍🔬 🗣️,0.25,0.25,0.25,0
64,🈷️ ⚒️ ⌚ 🕣,🈷️ ➕ ⚒️ 🖤,0.5,0.5,0.5,0
65,🚧 🌃 🏴󠁧󠁢󠁥󠁮󠁧󠁿 🤔,🚧 🌃 🤔 ©️,0.75,0.75,0.75,0
66,📰 ➕ ‼️ ➕,➕ 📰 ‼️,1.0,1.0,1.0,1
67,🪯 🤴 ☦️ 🪬,🤴 ☦️ 🧜🏼‍♀️ ♎,0.5,0.5,0.5,0
68,🗣️ 🖕 ⏫ 🐈,❇️ 🪴 🌊 🕳️,0.0,0.0,0.0,0
69,💸 🤑 🧑‍🔧 🏦,🧑‍🔧 🤑 🏦 👪,0.75,0.75,0.75,0
70,🕉️ 🆙 🕉️ ➕,↗️ 💌,0.0,0.0,0.0,0
71,☮️ 🌁 🕉️,☮️ 🌁 🕉️,1.0,1.0,1.0,1
72,🧓 🍶 🏸,🍶 🏸,1.0,0.67,0.8,0
73,🐖 📝 💒 🕉️,💒 ➕ 📮 🕉️,0.5,0.5,0.5,0
74,😲 🌧️ 🕉️ 💒,😲 🌧️ 💒 🕐,0.75,0.75,0.75,0
75,🔚 🧚🏼 🟡,🟡,1.0,0.33,0.5,0
76,➕ 💺 🟥 🥵,🟥 🥵 ➕ 🆒,0.75,0.75,0.75,0
77,🚧 📚 🏻,🚧 📚 🏻,1.0,1.0,1.0,1
78,↘️ ⚓ ®️ ❓,↘️ ®️ ❓,1.0,0.75,0.86,0
79,🧑‍⚖️ 🚫 💌 📧,🧑‍⚖️ 🔗 🧑,0.33,0.25,0.29,0
80,☺ 🥳 🏫,☺ 🏫,1.0,0.67,0.8,0
81,🤔 🧑‍🔬 🌠 🦟,🤔 ®️ 🌠 🪽,0.5,0.5,0.5,0
82,♟️ 🏦 🛷 🏦,♟️ 🏢 🏭,0.33,0.33,0.33,0
83,🤔 ⏲️ 📮 🛑,🤔 🏤 🟥 🛃,0.25,0.25,0.25,0
84,⌚ 💣 🗣️ 📍,⌚,1.0,0.25,0.4,0
85,🕉️ 🍶 🤔 😧,🛐 🤔 😧 ⚠️,0.5,0.5,0.5,0
86,📺 🇲🇫 🦸,🦸,1.0,0.33,0.5,0
87,🙉 🦹‍♀️ 🦯 🫔,🙉 🦯 🫔 🕳️,0.75,0.75,0.75,0
88,⌚ ☸️ 🕉️ 🟥,🕉️ 🏫 ☸️ 🟥,0.75,0.75,0.75,0
89,🙃 🧍 ⛰️ ➖,🍶 🙃 ➕ ⛰️,0.5,0.5,0.5,0
90,🤔 🧑‍⚖️ ℹ️ 🪭,🤔 ‼️ 🧑‍⚖️ ℹ️,0.75,0.75,0.75,0
91,➕ 🍶 🌬️ 👌,➕ 🍶 🌬️,1.0,0.75,0.86,0
92,😋 👄 📖 ⏫,👄 📖 ⏫ 🫸,0.75,0.75,0.75,0
93,➕ ➕ ⌚,➕,1.0,0.5,0.67,0
94,🧑 🕉️ 🚇,🕉️,1.0,0.33,0.5,0
95,🟰 🚧 🏫,🟰 🚧 🏫,1.0,1.0,1.0,1
96,🤔 🎦 😡 🕉️,🤔 🧑,0.5,0.25,0.33,0
97,🧜🏼‍♀️ 🌴 🚧 👙,🧜🏼‍♀️ 👙 👧 ➕,0.5,0.5,0.5,0
98,🧒 🥎 😢 💌,🧒 💌,1.0,0.5,0.67,0
99,🍶 ☕ 🧊 🚹,🍶 🧊 ☕ 🚹,1.0,1.0,1.0,1
100,🏎️ 🎲 🦴 🐤,🐤 🎲 🍶 🕉️,0.5,0.5,0.5,0
101,➖ 💺 👨 🚫,➖ 👬 💺,0.67,0.5,0.57,0
102,☕ 🤔 💡 🍺,🤔 ☕ 💡 🍺,1.0,1.0,1.0,1
103,🥷 💧 🧺 🚲,🗣️ 💧 🚲 🏃,0.5,0.5,0.5,0
104,🤹‍♂️ 🌠 📸,🌠 📸,1.0,0.67,0.8,0
105,🎚️ ©️ 😂 🕣,🕣 🎚️ 🏏 🧢,0.5,0.5,0.5,0
106,🇬🇵 🏎️ ♟️ ➕,🏎️ ♟️ 👪 🕣,0.5,0.5,0.5,0
107,🚧 ➕ 💣 💱,🚧 💣 💱 🍶,0.75,0.75,0.75,0
108,💌 😧 👪 🥶,💌 👪 😧 📅,0.75,0.75,0.75,0
109,🐻 🕉️ 🗣️,🐻,1.0,0.33,0.5,0
110,💌 🐁 🆙 🤷🏼,💌 🤷🏼 🆙 ❓,0.75,0.75,0.75,0
111,☑️ 💠 ⚙️ 🍶,☑️ ⚙️ 💠,1.0,0.75,0.86,0
112,⁉️ 🦶 ⚗️ 🧔‍♂️,🦶 🧔‍♂️,1.0,0.5,0.67,0
113,🦄 🪭 🥸 🔥,🥸 🦄,1.0,0.5,0.67,0
114,✌️ 🤼 🦸‍♂️ ⛪,✌️ 🤼 🦸‍♂️ ⛪,1.0,1.0,1.0,1
115,👨 🤟 🤓 ➕,👨 💑 ❔,0.33,0.25,0.29,0
116,😲 🇲🇭 🇨🇦 ⏲️,🇺🇲 💥 🇦🇺 🛐,0.0,0.0,0.0,0
117,👩 🛫 🚀 💒,🛫 💒 📅 🐤,0.5,0.5,0.5,0
118,🍏 🏭 ➕ ℹ️,🍏 🏭 ➕ ℹ️,1.0,1.0,1.0,1
119,👗 🗣️ 🎬 👗,🎬 🗣️ 🛏️ 🛏️,0.67,0.67,0.67,0
120,🙌 👨‍🎤 🇩🇬 ⚾,🙌 👨‍🎤 🇩🇬 ⚾,1.0,1.0,1.0,1
121,👨 📧 🤔 🧑‍🦱,📧 🤔 🕉️,0.67,0.5,0.57,0
122,➕ ➕ 🧗 🚧,➕ 🧗,1.0,0.67,0.8,0
123,🤳 ➕ 🧑 🧑,🧑 ➕ 🧑 💱,0.67,0.67,0.67,0
124,↘️ 📮 🚪 📼,↘️ 📮 🏫 🏫,0.67,0.5,0.57,0
125,🎤 🇦🇽 ➕,➕,1.0,0.33,0.5,0
126,➕ 📙 🏭 🗣️,➕,1.0,0.25,0.4,0
127,🕉️ 🕉️ 🙆 📕,🙆 🔡,0.5,0.33,0.4,0
128,➕ 🥣 🥄 🧼,🥣 🥄 🧼,1.0,0.75,0.86,0
129,📦 🖇️ ☎️ 🕞,⌨️ 📦 ➕ 🐍,0.25,0.25,0.25,0
130,🕳️ ℹ️ 🇮🇱 🗽,🕳️,1.0,0.25,0.4,0
131,🇸🇻 🛐 🍶 🕹️,🕹️ 🛐 🍶 ➕,0.75,0.75,0.75,0
132,⛏️ 🔥,⛏️ 🔥,1.0,1.0,1.0,1
133,♾️ 🕤 🚫,♾️ 🕤,1.0,0.67,0.8,0
134,🕝 👌 📌 📑,👌 📌 ⌚ 🕉️,0.5,0.5,0.5,0
135,🧑‍🦰 🔆 🟥,🧑‍💻 🟥,0.5,0.33,0.4,0
136,⌚ 🇨🇲 🌃 🇪🇸,🌃 ➕ 🎥 🎶,0.25,0.25,0.25,0
137,💊 🛃 🕉️ 🧪,💊 🧪 🛃 🏷️,0.75,0.75,0.75,0
138,©️ 💱 🕉️ ➕,💱 ➕,1.0,0.5,0.67,0
139,👨 🍶 🧙🏻 🧑,👨 🍶 🧑,1.0,0.75,0.86,0
140,🕉️ 🇨🇦 🇨🇦 ☃️,🇨🇦 ☃️ 🇨🇦 ➕,0.67,0.67,0.67,0
141,🇲🇲 🚫 📮 🍢,📮 🍢,1.0,0.5,0.67,0
142,🔫 🕉️ ➕ 🤏,🔫 ➕ 🏏 〽️,0.5,0.5,0.5,0
143,➕ 〽️ 🔗 😞,➕ 🔗 🕉️ ➕,0.67,0.5,0.57,0
144,➕ 🛜 📚 📚,➕ 🛜 📚 💍,0.75,1.0,0.86,0
145,🟰 🅾️ 👪 🕉️,🟰 👪,1.0,0.5,0.67,0
146,🏥 〽️ ➕ 😌,🏥 ➕ 😌 ℹ️,0.75,0.75,0.75,0
147,🍋 🌠 ➕,🌠 ➕,1.0,0.67,0.8,0
148,🏎️ ⛪ ➕ 🎤,🦣 ⛪ ➕ 🧒,0.5,0.5,0.5,0
149,🏭 ⚡ 🚧 🛢️,🛢️,1.0,0.25,0.4,0
150,🐀 ➕ ⛑️ ➕,➕ 🏭 🕉️ 📏,0.25,0.33,0.29,0
151,〽️ ✌️ 😞 🧾,〽️ 🧾 🚫,0.67,0.5,0.57,0
152,👄 👚 😯,👄 🫗 👚 😯,0.75,1.0,0.86,0
153,👻 🤼 🍶 🕉️,🍶 🕉️ 👻 🕉️,1.0,0.75,0.86,0
154,🕉️ ♾️ 🎤 🦸,🤔 🦸 🎤 🟥,0.5,0.5,0.5,0
155,🏥 🛄 ➖ 🐛,🛄 🏥 🚗,0.67,0.5,0.57,0
156,🇸🇬 🦸 ➕ ♏,🦸 ➕ ♏,1.0,0.75,0.86,0
157,🙂 🍶 😨 🕉️,🙂 🍶 🧑‍🎨 👤,0.5,0.5,0.5,0
158,💌 ☑️ 🤔 🕉️,💌 🤔 ☑️ 💸,0.75,0.75,0.75,0
159,🟰 🇾🇹 🤔 🕉️,🤔 🕉️,1.0,0.5,0.67,0
160,🕣 ➕ 🗿 📅,🕣 ➕ 📅 🧾,0.75,0.75,0.75,0
161,📧 🗣️ 📮 📚,📧 🎵 📚 👻,0.5,0.5,0.5,0
162,💌 ➕ ⌚ 🌍,💌 🌍,1.0,0.5,0.67,0
163,🎲 ⛏️ ➖ 🗑️,👪 ➖ 🏅 ⛔,0.25,0.25,0.25,0
164,➕ 🛡️ 💺 📙,➕ 🏸 🏘️ ➕,0.33,0.25,0.29,0
165,⛎ 🤱🏿 📖 🦣,📖 🦣 🤱🏿 🥺,0.75,0.75,0.75,0
166,🕉️ 🏫 ➕ 🤏,🕉️ 🤏 ➕ 🧑‍🏫,0.75,0.75,0.75,0
167,🤔 🍶 ➕ 🫂,🤔 📚 📰 ➕,0.5,0.5,0.5,0
168,🎖️ 💣 👨 🎦,🎦 🎖️ 💣 👨,1.0,1.0,1.0,1
169,🕉️ 🚫 🗑️ 🧌,🕉️ 🧌 🗑️ ⏲️,0.75,0.75,0.75,0
170,🤔 🧑 ⏲️ 🌠,🤔 🌠 ⏲️ 📺,0.75,0.75,0.75,0
171,🍶 👽 🤔 💣,🍶 ➕ ⛏️ ✡️,0.25,0.25,0.25,0
172,✖️ 🧑‍🔬 🎦 🧉,✖️ 🧑‍🔬 🎦 🧉,1.0,1.0,1.0,1
173,🪬 🍲 ➕ 📚,🪬 🍲 📚,1.0,0.75,0.86,0
174,📛 📮 ➕,📛 📮,1.0,0.67,0.8,0
175,➖ 🧠 ➕ 🤤,➖ 🧠 🤤 😴,0.75,0.75,0.75,0
176,➖ 🧑‍🏫 ➕ 🟰,🟰 ⛓️‍💥,0.5,0.25,0.33,0
177,👤 🇨🇶 😞,,0.0,0.0,0.0,0
178,➕ 💌 🧑‍🔧,💌,1.0,0.33,0.5,0
179,🕉️ 💣 🇵🇰 💣,🕉️ 💣 💣 🇺🇸,0.67,0.67,0.67,0
180,🚧 🏏 🏸 📦,🎮 📦,0.5,0.25,0.33,0
181,➖ 👅 🧑‍💼 📦,➕ 🧑‍💼 🗣️ ➗,0.25,0.25,0.25,0
182,🆒 🏭 ☎️ ✍️,🆒 ☎️ ✍️ 🏭,1.0,1.0,1.0,1
183,📮 ℹ️ 🫗 🎄,🎂 📮 ℹ️ 🎖️,0.5,0.5,0.5,0
184,⏲️ 🚢 💺 💺,💸,0.0,0.0,0.0,0
185,⏲️ 👦 🇦🇽 ⚾,⏲️ ⚾ 🦇,0.67,0.5,0.57,0
186,➕ 🫸 🙃 🧻,➕ 🧑‍🎓 🫸 🗣️,0.5,0.5,0.5,0
187,♾️ ♌ 😌 🫸,😌,1.0,0.25,0.4,0
188,🚫 🤔 ✍️ 🃏,🚫 🤔 🃏,1.0,0.75,0.86,0
189,🛜 🛜 ®️,🛜,1.0,0.5,0.67,0
190,🕉️ 😞 ➕ 🙆,🕉️ 😞 🛡️ 🗣️,0.5,0.5,0.5,0
191,🍺 😏 😧 🕉️,😏 🍺 🕉️ ➕,0.75,0.75,0.75,0
192,⛏️ 🏳️ 🇨🇫 🇪🇭,⛏️ 🇨🇫,1.0,0.5,0.67,0
193,🍶 🌅 🇦🇼,🌅,1.0,0.33,0.5,0
194,👨 🧔 🇫🇷 ➕,🇫🇷 🧔 〽️ 🧌,0.5,0.5,0.5,0
195,🏋🏽‍♀️ 🏋🏽 🧑‍🎓 📦,🧑‍🎓 📦,1.0,0.5,0.67,0
196,➕ ➕ 🏴󠁧󠁢󠁥󠁮󠁧󠁿,➕ 🏴󠁧󠁢󠁥󠁮󠁧󠁿 ➕,1.0,1.0,1.0,1
197,⛪ 🕉️ 📟 📮,⛪ 🕉️ 📟,1.0,0.75,0.86,0
198,🎫 ⚒️ 🏭 🪀,🪀 ⚒️ 🎦 〽️,0.5,0.5,0.5,0
199,⚛️ 🧑 🕦 🦵,🧑 🦵 ➕ 🌅,0.5,0.5,0.5,0
200,🍶 💓 🪓 🙆,🍶 💓 🪓,1.0,0.75,0.86,0
201,👅 🟥 🧹 📚,📚 🟥 🧹 📷,0.75,0.75,0.75,0
202,👌 ➕ 🍶 🍶,👌 🍶 ➕,1.0,1.0,1.0,1
203,⛏️ 🆒 🌳 🛶,⛏️ 🛶 🛩️ 🌳,0.75,0.75,0.75,0
204,🤑 🏦 🧌,🤑 🏦 🧌,1.0,1.0,1.0,1
205,🧟 🎒 🔛,🎒,1.0,0.33,0.5,0
206,☮️ ⭐ 🔗 🐆,😥 🐆 🔗 🚗,0.5,0.5,0.5,0
207,🌱 🏦 🫕 🔓,💗 🏦 🟥 🕉️,0.25,0.25,0.25,0
208,🌏 🌱 🕉️ 🇯🇪,🌏 💗 🇯🇪 ⌚,0.5,0.5,0.5,0
209,⏲️ 🎀 ➕,,0.0,0.0,0.0,0
210,➕ ⛓️ 😂 ⭐,➕ 💸,0.5,0.25,0.33,0
211,➕ 🇨🇶 📦 🍶,➕ 📦 🍶,1.0,0.75,0.86,0
212,🏤 ⛏️ 🍶 😌,🍶 ⛏️ 😌 🐕‍🦺,0.75,0.75,0.75,0
213,🤔 🪰 👪 🆙,🤔 👪 👪,1.0,0.5,0.67,0
214,👻 ⚾ ➕ 🏆,🏆 ⚾ 👻 🏏,0.75,0.75,0.75,0
215,⚖️ 🎒 💽,⚖️ 🎒,1.0,0.67,0.8,0
216,🍡 😡 🏭,🍡 😡 🏭,1.0,1.0,1.0,1
217,⌚ 🌠 ➕ 🍶,⌚ ➕ 🌠 🍶,1.0,1.0,1.0,1
218,🕉️ 🗿 🇩🇪,🕉️ 🇩🇪,1.0,0.67,0.8,0
219,🤔 😥 🍱 💽,🤔 💽 😥 🍱,1.0,1.0,1.0,1
220,🪹 ⌚ ⏲️ 🚊,🪹 ⌚ 🏠,0.67,0.5,0.57,0
221,🕉️ 🎦 ➕ 🏙️,➕ 🎦 🆕 🧴,0.5,0.5,0.5,0
222,➕ 📼 ℹ️ ➕,➕ 📼 🔗 ➕,0.67,0.67,0.67,0
223,🥵 😡 🕉️,🥵 😡 🕉️,1.0,1.0,1.0,1
224,⏲️ 👪 🕉️ ♾️,⏲️ 👪 ♾️,1.0,0.75,0.86,0
225,🪆 🕉️ 🇰🇮 ➕,🕉️ ➕ 🛌🏽 😡,0.5,0.5,0.5,0
226,🐛 🤔 🚻 🕉️,🐛 🤔 🚻 🧒,0.75,0.75,0.75,0
227,🏎️ ⚾ ⚾ 🕳️,🕳️ 📅 👨 🏆,0.25,0.33,0.29,0
228,🧑‍🧑‍🧒 🏤 ➕ 🪱,➕ 🧑‍🧑‍🧒 🏤,1.0,0.75,0.86,0
229,🟰 🐺 🪨 🕉️,🕉️ 🦣 🐺 🟰,0.75,0.75,0.75,0
230,👧 ⌚ 🥵 🧑,🥵 📋,0.5,0.25,0.33,0
231,➕ 🏎️ 🐛 ➕,🏎️ ➕ 🐛 📦,0.75,1.0,0.86,0
232,➕ 🚲 ⌚ ℹ️,⛏️ 🚲 ✌️ 🧑‍🏫,0.25,0.25,0.25,0
233,🍶 🥪 🤎 🌾,🍶 🤎 🥪 ➕,0.75,0.75,0.75,0
234,🏎️ 🗣️ 🧒 ⛏️,🤔 📚 😞 ➕,0.0,0.0,0.0,0
235,➕ 🏠 🇳🇴,🏠 🇳🇴,1.0,0.67,0.8,0
236,➕ ⛏️ ⁉️ 💽,➕ 💯 🚧 🧑‍💼,0.25,0.25,0.25,0
237,〽️ 🙆 ❓ ℹ️,🙆 😲 🟥,0.33,0.25,0.29,0
238,🕉️ 📹 ➕ ▶️,🕉️ ▶️,1.0,0.5,0.67,0
239,⌚ 🪛 🧍 ⌚,🪛 🧍 ⌚,1.0,1.0,1.0,1
240,🥵 🤼‍♀️ 😂 🕉️,🥵 🤼‍♀️ 😂,1.0,0.75,0.86,0
241,➕ 🌹 💰 ⚰️,➕ 😥 😫 🧟,0.25,0.25,0.25,0
242,➕ 🧑‍💻 🌅 🧞,🧑‍💻,1.0,0.25,0.4,0
243,🥷 🤓 🦇 🩹,🥷 🤓 🇮🇩 🚐,0.5,0.5,0.5,0
244,➕ 🍶 ⛏️ 😒,➕,1.0,0.25,0.4,0
245,🇰🇷 🔒 🇨🇼 📺,➕ 🇰🇷 🔒 🎨,0.5,0.5,0.5,0
246,⚰️ 🦭 ⚰️ 🧈,⚰️ 🌽 🧈 🍁,0.5,0.67,0.57,0
247,✌️ 🎲 ➕ 🔗,,0.0,0.0,0.0,0
248,🦾 🖕 ℹ️ 📏,🦾 🖕 ℹ️ 👑,0.75,0.75,0.75,0
249,➕ 🚧 🕉️ 🗄️,🚧 🏙️ ℹ️ ➕,0.5,0.5,0.5,0
250,⭐ 🦊 ➕ 🆕,⭐ 🦊 🆕 🏏,0.75,0.75,0.75,0
251,😞 🪚 😡 🇩🇪,😞 🇩🇪 😡 👪,0.75,0.75,0.75,0
252,🤔 💯 👣 🚅,🤔 💯 👣 💩,0.75,0.75,0.75,0
253,👛 ⏯ 🤔 😨,🤔 😨 ⛏️ 🧉,0.5,0.5,0.5,0
254,📅 🌃 🏷️ ⏲️,🌃 🏷️ 👨,0.67,0.5,0.57,0
255,💸 🎤 🧩 🏨,🏨 💸 🎤 🧩,1.0,1.0,1.0,1
256,😢 🦣 ➕ ➕,➕ 😢 🦣 ➕,1.0,1.0,1.0,1
257,🕐 👪 🚧 🧑‍🌾,👪 🚧 🥬 🏃🏽‍➡️,0.5,0.5,0.5,0
258,🧈 🇬🇵 ℹ️ 🌏,🌏 🏅 🟰 👨,0.25,0.25,0.25,0
259,🖕 🔉 🧑 🫥,🖕 📚 🕉️ 🍬,0.25,0.25,0.25,0
260,🛐 🔪 💽 ➕,🔪 ➕ 💽 🤔,0.75,0.75,0.75,0
261,🕉️ 🕉️ 🆒 🃏,🕉️ 🕉️ 🆒 🃏,1.0,1.0,1.0,1
262,🪒 ⚽ 🛐 🧑🏼‍🍳,🪒 🛐 🧑🏼‍🍳 😞,0.75,0.75,0.75,0
263,🕉️ 🧚 🇳🇴,🕉️ 🇳🇴,1.0,0.67,0.8,0
264,🛑 😲 👨 🌅,🛑 😲 👨 💯,0.75,0.75,0.75,0
265,👪 ➕ 👪 🧑,👪 ➕ 👪 🏥,0.67,0.67,0.67,0
266,🕉️ 🧑 🧙🏻,🗣️ 🧑,0.5,0.33,0.4,0
267,🥸 👦 🗣️,🥸 👦 🗣️,1.0,1.0,1.0,1
268,🔸 🪞 ➕,🪞,1.0,0.33,0.5,0
269,➕ 👨‍🚀 🐕 ♾️,🐕 📌 💺,0.33,0.25,0.29,0
270,🛒 🛐 🕳️ ➕,🛐 ➕ ⏲️,0.67,0.5,0.57,0
271,🚬 🍮 ⚡ ➕,🚬 🥡 ⚡,0.67,0.5,0.57,0
272,📝 😰 ‼️ 🗯️,📝 😰 ‼️ 😟,0.75,0.75,0.75,0
273,➕ 😞 ⌚ 🇫🇴,😞 ⌚,1.0,0.5,0.67,0
274,🤔 🦅 👄 ❇️,🧑 ✡️ 🦷 ➕,0.0,0.0,0.0,0
275,😏 🇨🇦 🕉️ 😏,😏 🇨🇦 🍶 🎄,0.5,0.67,0.57,0
276,🐄 🫗 🪽 🪰,🐄 ➕,0.5,0.25,0.33,0
277,🕋 🗣️ 🧌 ✡️,🕋 ✡️ 🧌 🧑,0.75,0.75,0.75,0
278,ℹ️ 🧑‍🎨 🛒,ℹ️ 🧑‍🎨,1.0,0.67,0.8,0
279,🏎️ ☺ 🗣️ ☕,☺ 🗣️ ➕ 🦵,0.5,0.5,0.5,0
280,🟪 〽️ ➕ ⏹️,🟪 〽️ ⏹️ 🕉️,0.75,0.75,0.75,0
281,🔑 🧑 🥵 👔,🔑 🧑 🥵,1.0,0.75,0.86,0
282,♾️ 📔 🥵 👶,🥵 📔 🫗 🌊,0.5,0.5,0.5,0
283,😀 ❔ 🏙️ 🕵️,🕵️ 🖤 ➕ 🙊,0.25,0.25,0.25,0
284,🔋 😧 🤯 ℹ️,🔋 ℹ️ 💖 ➕,0.5,0.5,0.5,0
285,💌 👩 👨 🤔,💌 🗣️ 🤔 🛏️,0.5,0.5,0.5,0
286,🗣️ 🧓 👩‍👧 👨,📅 🧓 👨 ➕,0.5,0.5,0.5,0
287,💄 😮‍💨 🧜🏿 🌿,🫗 🧜🏿 🌿 ❓,0.5,0.5,0.5,0
288,❗ 🧑‍💼 ➕ 💨,❗ ➕ 🧑‍💼,1.0,0.75,0.86,0
289,🇴🇲 🔨 🪐 🦞,🔨 🪐 💯 🏋️,0.5,0.5,0.5,0
290,➕ 🛹 🕉️,➕ 🕉️,1.0,0.67,0.8,0
291,➕ 🛐 ➕ 🖨️,🧴 🖨️ 🗣️ 🧻,0.25,0.33,0.29,0
292,🏎️ 📰 🦣 ➕,🦣 📰 🩳,0.67,0.5,0.57,0
293,❌ 🎤 🛡️ 🎲,❌ 🎤 🛡️,1.0,0.75,0.86,0
294,👩 ➕ 😞 🖤,🖤,1.0,0.25,0.4,0
295,🕹️ 🩸 🫄 💷,🕹️ ➕ 🩸 🫄,0.75,0.75,0.75,0
296,🍶 🧒 🕉️ 🍶,🧒 ➕ 🕉️ ➕,0.67,0.67,0.67,0
297,👦 🏃 ➕,👦 🏃,1.0,0.67,0.8,0
298,🛻 🏞️ 🛜 📅,🛻 🏞️ 🛜,1.0,0.75,0.86,0
299,🕉️ 🍡 🕉️ ⛹️,💌 ➕,0.0,0.0,0.0,0
300,🚧 🤔 🦣 💤,🚧 🤔 🦣,1.0,0.75,0.86,0
301,🤔 🐕 📻 ➕,🤔 ➕ ⏫ 👤,0.5,0.5,0.5,0
302,➕ 📮 🧓 🟥,➕ 📮 🕉️ 🔗,0.5,0.5,0.5,0
303,🪰 🎢 🆒 🕉️,🎢 🆒 🕉️ 👨,0.75,0.75,0.75,0
304,👌 🤴 🕋,🤴 👌,1.0,0.67,0.8,0
305,💯 💎 🦇 📝,🦇 💯 💎 🔋,0.75,0.75,0.75,0
306,🕉️ 🇨🇼 ➕ 🇪🇸,🕉️ 🇪🇸,1.0,0.5,0.67,0
307,😲 📮 🕉️ ❓,☣️ ☎️ 🇨🇶 📮,0.25,0.25,0.25,0
308,⏲️ 🇺🇲 ➕ 🗺️,⏲️ 🎣 🗺️ ⏰,0.5,0.5,0.5,0
309,ℹ️ ⛓️ 🧊 🕵️,➕ ⛓️ 🌊 🧊,0.5,0.5,0.5,0
310,❌ 🏫 ✖️ 👪,✖️ 👪 ❌ 🧀,0.75,0.75,0.75,0
311,🚧 🙃 🗣️ 🫨,➕ 🗣️ 🫨 🤔,0.5,0.5,0.5,0
312,🇲🇫 🐦 🐝 🥵,❕ 🏽 🥵 🕉️,0.25,0.25,0.25,0
313,➕ ⛏️ ♾️ 💸,💸,1.0,0.25,0.4,0
314,⌚ 🕉️ 🟥 🍔,🥡 👀 🍔 🥛,0.25,0.25,0.25,0
315,🧑‍🎄 🕉️ 🎭 👃,❓ ⏲️ 🎭 🦷,0.25,0.25,0.25,0
316,🖥️ 💻 💻 ℹ️,💻 🖥️ 💻,1.0,0.67,0.8,0
317,➕ 🙆 🦣 ⌚,➕ 👤 🙎 🧑,0.25,0.25,0.25,0
318,🤔 😡 👪 😰,🤔 😡 🤔 😩,0.67,0.5,0.57,0
319,↘️ 🗣️ ➕,↘️,1.0,0.33,0.5,0
320,🤣 🪟 🧴 ©️,🤣 🪟 🕉️ 🍶,0.5,0.5,0.5,0
321,➕ ➕ ⛏️ 😞,⛏️ ➕ 🇺🇸 🇺🇸,0.67,0.67,0.67,0
322,🛑 🥟 😡 ➕,🛑 😡 🟥 ➕,0.75,0.75,0.75,0
323,🍶 ⚧️ 🕉️ 😀,🕉️ ⚧️ 😀 🙎,0.75,0.75,0.75,0
324,🎾 🍶 🧥 🤽,🍶 🧥 👕,0.67,0.5,0.57,0
325,🚬 🪀 💊 🧌,🚬 🦥 🎲 🛼,0.25,0.25,0.25,0
326,®️ ⚾ 📱 🖨️,®️ 📱 🖨️ 📷,0.75,0.75,0.75,0
327,🐕 🏭 😲,🐕 😲,1.0,0.67,0.8,0
328,🍶 ♾️ ℹ️ 👀,🍶 ♾️ 👀 💵,0.75,0.75,0.75,0
329,®️ ➖ 🎫 🍽️,®️ 🍽️ 📧 〽️,0.5,0.5,0.5,0
330,🤔 ➕ ⚾ 📮,🤔 ➕ 📕 🗣️,0.5,0.5,0.5,0
331,➕ 💪 🔒 👨,➕ ➕ 🔒 🥓,0.67,0.5,0.57,0
332,🐎 🌠 💎 🇩🇬,🍡 💎 🇩🇬 🤔,0.5,0.5,0.5,0
333,➕ ⌚ 💌 🫂,💌 🫂 💏,0.67,0.5,0.57,0
334,🟰 🥵 👸 ➕,🥵 👸,1.0,0.5,0.67,0
335,🕉️ 🆘 ➕ 🥺,😲 🆘 ➕ 💭,0.5,0.5,0.5,0
336,☁️ 🐛 😂 ℹ️,☁️ 🐛 🔚 🫥,0.5,0.5,0.5,0
337,➕ 🙉 🧠,➕ 🙉,1.0,0.67,0.8,0
338,🕉️ ❓ ♾️ ℹ️,🥵 ♾️ ℹ️ 🏫,0.5,0.5,0.5,0
339,😞 ➕ 🛐,➕ 🥡 🛐,0.67,0.67,0.67,0
340,🇯🇪 🚢 🫗 😀,🇯🇪 😀 ⏲️,0.67,0.5,0.57,0
341,🗽 🧑 ⛓️ ➕,➕ 🧑 ⛓️ ➕,1.0,0.75,0.86,0
342,🇫🇷 🆘 🕉️,🇫🇷,1.0,0.33,0.5,0
343,💌 🤔 📏 👨,👨 📏 📧 ⚕️,0.5,0.5,0.5,0
344,🍶 ✌️ ⛏️ ⛏️,🍶 ⛏️ ⛏️ 🥍,0.67,0.67,0.67,0
345,🦵 📏 〽️ ⭐,🦵 ➕ 📏 〽️,0.75,0.75,0.75,0
346,🛗 💸 💥 🧑,💸 🏙️ 🏘️,0.33,0.25,0.29,0
347,🐺 🕉️ 📍 📧,🕉️ 📍 🐺 ➕,0.75,0.75,0.75,0
348,👨 ↘️ 🕉️ 🟥,🕉️ 👨 ➕ 🟥,0.75,0.75,0.75,0
349,🥵 👌🏻 🕉️ 🚴,🌊 🥵 👌🏻 🕉️,0.75,0.75,0.75,0
350,🗑️ 🇺🇸 🍮 ➕,⏲️ 🇺🇸 ➕ 😂,0.5,0.5,0.5,0
351,➕ 🤔 🚢,🤔,1.0,0.33,0.5,0
352,🕉️ ❓ 🇫🇴,🕉️,1.0,0.33,0.5,0
353,🕉️ 👨 🖕,🕉️ 🖕,1.0,0.67,0.8,0
354,🍜 🤹🏽 🎉 🤔,,0.0,0.0,0.0,0
355,🍢 ➕ ➕,🍢 ➕,1.0,1.0,1.0,1
356,🪬 ➕ 🇩🇬 🏸,🪬 🏸 🤴 😞,0.5,0.5,0.5,0
357,🕉️ 🟰 ➕ 🌠,🕉️ ➕ 🟰 🧑‍💻,0.75,0.75,0.75,0
358,🚗 💸 ➕ ⛓️‍💥,➕ 🚗 ⛓️‍💥 🛒,0.75,0.75,0.75,0
359,🧊 ➕ 📷 ➕,🧊 📷 ➕ 🕤,0.75,1.0,0.86,0
360,🕉️ 😔 ⏲️ ➕,⏲️ ➕ 🏃 🏠,0.5,0.5,0.5,0
361,⚠️ 👊🏾 🛐 🛐,⚠️ 🛐 🩳 🛣️,0.5,0.67,0.57,0
362,🕉️ 🕐 🎺 ⚒️,⚒️ ➕,0.5,0.25,0.33,0
363,🕉️ ℹ️ 🕉️ 🧑‍🎓,🕉️ 🕉️ 🧑‍🎓 😪,0.67,0.67,0.67,0
364,🤖 🦹 🍶 🕉️,🍶 🤖 🕉️ ⛏️,0.75,0.75,0.75,0
365,🏭 🏛️ ®️ 😞,🏛️,1.0,0.25,0.4,0
366,✔️ ⌚ 🧂 🕉️,✌️ 🕉️ 🏫 ➕,0.25,0.25,0.25,0
367,➕ 🎲 🥰,➕ 🎲 🥰,1.0,1.0,1.0,1
368,👻 💱 💱,👻,1.0,0.5,0.67,0
369,🇨🇶 ➕ 🎤 👧,🎤 ➕ 🚧,0.67,0.5,0.57,0
370,🕉️ 🕉️ 😞 🍶,🕉️ ⚧️ 💯 🙎,0.25,0.33,0.29,0
371,👨 ➕ 😞,👨 ➕ 😞,1.0,1.0,1.0,1
372,⚠️ 🕉️ 〽️ 🤔,⚠️ 〽️ 📅 🤔,0.75,0.75,0.75,0
373,🕉️ ⚠️ 👌 🇩🇬,📷 ⚠️ 🧔‍♂️ 👩,0.25,0.25,0.25,0
374,🇬🇪 🎒 🫀,,0.0,0.0,0.0,0
375,🏭 🖥️ 🚧 💻,🚧 🕉️ 👧 🍶,0.25,0.25,0.25,0
376,🔵 ⛏️ 🔤 📏,⬅️ 🚗 🔵,0.33,0.25,0.29,0
377,🕉️ 🕉️ 🤔 👨,🕉️ 🕉️ ➕ 🙆,0.33,0.33,0.33,0
378,🏻 ❓ 🇨🇫 🖤,🖤 ❓ 🍶,0.67,0.5,0.57,0
379,👶 📅 😌 😂,😌 🕉️ 😂 👦,0.5,0.5,0.5,0
380,🐻 🕖 📮 🕉️,🐻 🕉️ 👌 🫧,0.5,0.5,0.5,0
381,💤 👨 🪛 💡,🪛 🐟,0.5,0.25,0.33,0
382,🏎️ 📺 ⛏️ 🤓,🤓 📺 🧵 ⚖️,0.5,0.5,0.5,0
383,😀 ⚖️ 🏴󠁧󠁢󠁥󠁮󠁧󠁿 🇪🇸,😀 🏴󠁧󠁢󠁥󠁮󠁧󠁿 🇪🇸 ⚖️,1.0,1.0,1.0,1
384,🕉️ 💌 🚧,💌,1.0,0.33,0.5,0
385,📼 🖲️ ⏸️ 💸,🎲 🎞️ 💸 🏫,0.25,0.25,0.25,0
386,➕ 🍺 ⛓️ ⏲️,➕ 🌃 🆒 💽,0.25,0.25,0.25,0
387,🏫 🦾 🧑‍🏫 ➰,🏫 🔒 🛅,0.33,0.25,0.29,0
388,📹 😱 💌 🏙️,📹 🏙️ 😲 ℹ️,0.5,0.5,0.5,0
389,➕ 🛐 🧷 🇬🇩,⚡ 🏠 🧷 ➕,0.5,0.5,0.5,0
390,🏦 📦 🇷🇪 🪤,,0.0,0.0,0.0,0
391,➕ 🍶 🧓 😞,🍶 🧓 😞 ⛏️,0.75,0.75,0.75,0
392,➕ 🧑‍💻 ⌚ 🦹,🧑‍💻 🤔 💺 🍶,0.25,0.25,0.25,0
393,🪭 🏍️ 📖 🧑🏿‍⚖️,🪭 📖 🧑🏿‍⚖️ ➕,0.75,0.75,0.75,0
394,🦝 🦊 📮 ⏲️,🦝 🦊 🧚‍♂️ ℹ️,0.5,0.5,0.5,0
395,🧑‍🎤 🤴 💍 🧊,🧑‍🎤 🧊 🤴 🗣️,0.75,0.75,0.75,0
396,🕐 💧 🇦🇺 🇺🇲,🕐 🇺🇲 💌,0.67,0.5,0.57,0
397,👌 🕉️ 👻 🦠,🕉️ ⛏️ 👻 🐻,0.5,0.5,0.5,0
398,➕ 😨 ⚾ 🦢,⚾ 🗣️,0.5,0.25,0.33,0
399,🚽 🦤 ☹️ 📎,🚽 👨 🪓 💦,0.25,0.25,0.25,0
400,🚧 🧜 🚫 🍶,🚧 🍶 🚫 🚫,1.0,0.75,0.86,0
401,🆕 🧑 🕉️,🧑,1.0,0.33,0.5,0
402,⌚ 📹 ©️ 🤔,➕ 📹 ©️ 🎶,0.5,0.5,0.5,0
403,🎒 🚆 🚝 🎫,🎒 🚆 🎫,1.0,0.75,0.86,0
404,🧑 ➕ 😏 📰,➕ 😏 📰 ⚠️,0.75,0.75,0.75,0
405,❓ 〽️ 🍶 🛡️,❓ 〽️ 🛡️,1.0,0.75,0.86,0
406,➕ ⏲️ 👥 😀,➕ 👥 🧒,0.67,0.5,0.57,0
407,💱 ➕ 🪫 👧,➕ 🪫 💱,1.0,0.75,0.86,0
408,🐺 🖊️ ➕ 🌅,🖊️ ➕,1.0,0.5,0.67,0
409,🏏 🫥 🎦 🗣️,🗣️ 🏏 ➕ 📷,0.5,0.5,0.5,0
410,😡 🏈 🤢 ⚾,😡 ⚾ 🏈 🙎,0.75,0.75,0.75,0
411,➕ ❔ 📼 🚫,➕ ❔ 📼 🚫,1.0,1.0,1.0,1
412,🏽 🙆‍♂️ ⁉️ 🛜,🏽 🛜 🔗 🧻,0.5,0.5,0.5,0
413,⌚ 🧑 🔔 🇨🇭,🧑 ✡️ 🧑 🎬,0.33,0.25,0.29,0
414,📐 🐛 〽️ ♟️,➕ 📐 〽️ 🐛,0.75,0.75,0.75,0
415,📮 🎸 🔗 ❇️,📮 🔗 ❇️ 📟,0.75,0.75,0.75,0
416,👨 🕉️ 🧑 🧑‍🦰,👨 😞 🧑 👩‍💼,0.5,0.5,0.5,0
417,🤟🏾 ☸️ 💪 🧗🏿,🤟🏾 ⛓️ 🌩️,0.33,0.25,0.29,0
418,🆒 👽 🔗,🆒 🔗,1.0,0.67,0.8,0
419,🏻 🕦 ➕ 🕉️,🏻 ➕ 🕦 🖌️,0.75,0.75,0.75,0
420,🧑‍🔧 🧑‍🎨 💧 👪,🧑‍🔧 💧 ⛵ 🚢,0.5,0.5,0.5,0
421,☸️ 🧑 👑 🧑‍💼,🧑 👑 🧑‍💼 🗯️,0.75,0.75,0.75,0
422,➕ 🫗 🚫 🚬,➕ ◀️ 💣 ℹ️,0.25,0.25,0.25,0
423,🕉️ 😠 😞 ↘️,🕉️ ↘️ 😠 🤚,0.75,0.75,0.75,0
424,⛏️ 📅 🖼️ ➕,☺ 🖼️ 🆕 🧑‍🍳,0.25,0.25,0.25,0
425,⌚ 📹 ⏲️ 🕵🏼,⌚ 📹 🕵🏼,1.0,0.75,0.86,0
426,🕉️ 👂 🪬 👻,🕉️ 🪬 👻 ☕,0.75,0.75,0.75,0
427,⛏️ 🆕 🥭 👪,🆕 👪 📰 🧞,0.5,0.5,0.5,0
428,🌏 👪 🐐 🥐,🌏 ‼️ 👪 🐣,0.5,0.5,0.5,0
429,➕ 🥠 💻 🎬,⛎ ⌚ 🏸 ⚡,0.0,0.0,0.0,0
430,🥘 🥫 🍝 🚗,🇮🇳 🥫 ☺ ♓,0.25,0.25,0.25,0
431,🤑 ➕ 🗳️ ❕,🤑 ❕ 👸 🇸🇽,0.5,0.5,0.5,0
432,⌚ ➕ 😞 😂,⌚ 😞,1.0,0.5,0.67,0
433,🏥 ⚖️ 😌 ✌️,😌 ⚖️ ✌️ 📦,0.75,0.75,0.75,0
434,🕉️ 🤔 👪 💯,🕉️ 🤔 ⛏️ 🔗,0.5,0.5,0.5,0
435,🇩🇪 😞 🎲 ⌚,🇩🇪 😞 ⌚,1.0,0.75,0.86,0
436,🍔 ⌨️ 🛐 ➕,🛐 ➕ ⌨️ 🧀,0.75,0.75,0.75,0
437,🏎️ ®️ 🔗 🕉️,🛖 ®️ 🔗 🕉️,0.75,0.75,0.75,0
438,🎤 🤓 🕉️,🎤 🤓,1.0,0.67,0.8,0
439,🚧 🇺🇲 🍳 🏭,🚧 🏭 ⛏️ 🥪,0.5,0.5,0.5,0
440,🏆 🏆 ✌️ 💽,🏆 🏆 🏆 ✌️,1.0,0.67,0.8,0
441,🆙 🍶 🚧,🆙 🚧,1.0,0.67,0.8,0
442,🧟 🧑‍🎄 ➕ 😏,🧟 ➕,1.0,0.5,0.67,0
443,👋 🤖 🎮 ℹ️,🤖 🟥 🛃 🎲,0.25,0.25,0.25,0
444,📞 🚧 🏑 🌊,🚧 💽 🎚️ 🏫,0.25,0.25,0.25,0
445,ℹ️ 🕋 🥯 🦾,⚠️ ♂️ 🥯 🍶,0.25,0.25,0.25,0
446,➕ 🤔 ❇️ 🗯️,❇️ 🤔 😟 🏥,0.5,0.5,0.5,0
447,🪀 👂 🥺 ➕,🥺 🥪,0.5,0.25,0.33,0
448,🕦 🛅 🕉️ ➕,🕦 🛅,1.0,0.5,0.67,0
449,➰ 🧚 ➕ 💂,➕ 💂,1.0,0.5,0.67,0
450,🧠 🕉️ ❇️ ℹ️,🕉️ 🧠 ℹ️ 🍲,0.75,0.75,0.75,0
451,➕ 🥟 🃏,➕ 🃏,1.0,0.67,0.8,0
452,🌅 🏘️ 🏭 🥸,🥸 🏭,1.0,0.5,0.67,0
453,🇨🇶 🍬 🕉️ 🧂,➕ 😞 🍬 🦇,0.25,0.25,0.25,0
454,🕉️ 🍶 🥵 ⛏️,🍶 🥵 ⛏️,1.0,0.75,0.86,0
455,😲 🏸 👕 🎵,🎵 😲 🏸 🌀,0.75,0.75,0.75,0
456,🐛 ❓ 🕣 ⏫,❓,1.0,0.25,0.4,0
457,🇺🇸 📦 ✌️ 🎵,✌️ 🇺🇸 🇬🇧 📦,0.75,0.75,0.75,0
458,🇴🇲 🎲 ➕ 🏅,🏅 ➕ 👧 ➕,0.67,0.5,0.57,0
459,⛪ 🤔 ♾️ ⛪,🤔 ⛪ 🐕‍🦺 👨‍👦,0.5,0.67,0.57,0
460,🤔 🕉️ 🇦🇫 💯,💯 🇦🇫 🕉️ 🚮,0.75,0.75,0.75,0
461,➕ 😂 🖼️ 🕉️,➕ ℹ️ 😂 💔,0.5,0.5,0.5,0
462,📰 💺 ➕ 👪,👪 ➕ 🍶 🕉️,0.5,0.5,0.5,0
463,🧑‍🎤 👢 🏃 ⏫,🏃 ⭐ 🕉️ 🤔,0.25,0.25,0.25,0
464,❌ ⛰️ 😲 👧,😲 ⛰️ 👧 📏,0.75,0.75,0.75,0
465,🕉️ 📅 🤟 ➕,🕉️,1.0,0.25,0.4,0
466,〽️ 📸 🫦 💄,📸 📱 🚠 👨‍🦱,0.25,0.25,0.25,0
467,🛐 🧑 🍶 ⛏️,🍶 🧑 ⛏️,1.0,0.75,0.86,0
468,🗣️ 🗯️ 🎚️ 🗯️,🤔 🎚️ 👪 😞,0.25,0.33,0.29,0
469,🍢 📰 🏸 ♾️,♾️ 📰 ➕ ⚧️,0.5,0.5,0.5,0
470,😞 🐤 ☣️ 🙎,😞 🐤 🙎 🧑,0.75,0.75,0.75,0
471,😲 😀 ➕ ⭐,➕ 🧑‍🏫,0.5,0.25,0.33,0
472,👩 🎩 🇨🇦 🕙,👩 🛣️ 🕙 👧,0.5,0.5,0.5,0
473,🪚 ⌚ 🗿 🎎,🪚 ⌚ 🚗 🖲️,0.5,0.5,0.5,0
474,💤 😋 🕐,😋 🕐,1.0,0.67,0.8,0
475,➕ 🚫 📌 🈷️,📌 🚫 ➕,1.0,0.75,0.86,0
476,➕ 🇨🇶 🕉️ 🏃,➕ 🏃 ☕,0.67,0.5,0.57,0
477,⚠️ 🤓 🥋 ➕,⚠️ 🧓 👮,0.33,0.25,0.29,0
478,🇦🇹 🧀 🥩 🧅,🧀 🧅 ⚙️ 🇨🇶,0.5,0.5,0.5,0
479,🏎️ 🙉 🐻 😲,🙉 🍶 😲 🕉️,0.5,0.5,0.5,0
480,🧬 🙆‍♂️ 🎦,🙆‍♂️ 🎦,1.0,0.67,0.8,0
481,🍶 ☀️ 👸 🤔,🍶 🤔 ☀️,1.0,0.75,0.86,0
482,👅 🐻 👂 🪭,👅 🕣 🕉️ 📅,0.25,0.25,0.25,0
483,🐕‍🦺 ℹ️ ⛔ 🧑,🐕‍🦺 ℹ️ 🧑 ⚾,0.75,0.75,0.75,0
484,🎤 ⏺️ ♍ 🛏️,🎤 🚫 👀 ⚾,0.25,0.25,0.25,0
485,⏲️ 🌅 🍋‍🟩 ➕,⏲️ 🌅 ➕ 🎦,0.75,0.75,0.75,0
486,➕ 🇷🇪 🌏 ➕,➕ 🇷🇪 🕐 🇷🇪,0.67,0.67,0.67,0
487,👩‍👧 🕉️ 🪭 🕉️,🕉️ 👩‍👧 🐙,0.67,0.67,0.67,0
488,➖ 🌠 🥸,➖ 🌠,1.0,0.67,0.8,0
489,📦 🏙️ ➕ 🥍,📦 🏙️ ➕ 🐃,0.75,0.75,0.75,0
490,🕉️ 🕉️ ⛏️ 🧑‍🏫,🕉️ ⛏️ 🎄 🧪,0.5,0.67,0.57,0
491,🍰 🕉️ ⚧️ ➕,🕉️ ⭐,0.5,0.25,0.33,0
492,💌 ‼️ 😂 🙎,💌 🏋️ 🤳 😌,0.25,0.25,0.25,0
493,🦵 ❓ 🕉️,❓ 🕉️,1.0,0.67,0.8,0
494,🤔 🟰 🏥 🕉️,🤔 🏥 🕉️,1.0,0.75,0.86,0
495,🎀 🏠 🔢 💸,🧑‍💼 ➕ 🏭 🈷️,0.0,0.0,0.0,0
496,🕦 🪝 🏸 🕉️,🕦 🏸 💯 🏏,0.5,0.5,0.5,0
497,🟰 🐄 👶 🐄,👶,1.0,0.33,0.5,0
498,👑 🟰 🇮🇱 📖,👑 🟰 🇮🇱 🕉️,0.75,0.75,0.75,0
499,➕ 🛐 🧑‍🎨 😲,➕ 🛐 🧑‍🎨 😲,1.0,1.0,1.0,1
500,ℹ️ 🍶 🕉️,ℹ️ 🍶 ℹ️,1.0,0.67,0.8,0
501,☺ 👅 🥄 ®️,☺ ®️ ♣️,0.67,0.5,0.57,0
502,🍶 🥷 🍶 ⚔️,🥷 🍶 🕉️,0.67,0.67,0.67,0
503,🕉️ 🧜 🇦🇹 😌,➕ 🏃,0.0,0.0,0.0,0
504,⚾ 🙉 ➕ 📰,🙉 🖼️ 😞 ®️,0.25,0.25,0.25,0
505,🦙 🐄 🛐 🏫,🛐 🐄 🏫 🥷,0.75,0.75,0.75,0
506,👪 ➕ ‼️ 🍶,👪 ‼️ 🍶 ➕,1.0,1.0,1.0,1
507,🕉️ ☃️ 💔 ➕,🕉️ ☃️ 💔 ➕,1.0,1.0,1.0,1
508,🥎 💰 🍞 🛡️,🥎 💰 🍞,1.0,0.75,0.86,0
509,🗿 🕉️ ➕,➕,1.0,0.33,0.5,0
510,🍶 🇨🇦 ➕,🇨🇦 ➕,1.0,0.67,0.8,0
511,🥠 👦 🤑,🥠 🤑,1.0,0.67,0.8,0
512,🧆 🏫 🦹🏿‍♂️ 🛝,🧆 🏫 🏫 ⌚,0.67,0.5,0.57,0
513,🌩️ 💌 🪰 💒,💌 💒 🔚 🏏,0.5,0.5,0.5,0
514,➕ ➕ ➕ ➖,➕ ➕ 👸 🇸🇽,0.33,0.5,0.4,0
515,🟰 ➕ 🏋️ 🧴,🏋️‍♀️ 😌 ➕ 🎂,0.25,0.25,0.25,0
516,➕ 🧑 🇨🇺 🇻🇪,➕ 🧑 🇨🇺 🇲🇩,0.75,0.75,0.75,0
517,🏎️ 🔨 🚽 🛜,🔨 🚽 🛜,1.0,0.75,0.86,0
518,⛏️ ⛏️ 👪 🗑️,👪 ⏲️ 🧑‍🏫,0.33,0.33,0.33,0
519,🛒 💸 🤔 ➕,🛒 🤔 💸 🤑,0.75,0.75,0.75,0
520,💖 🏷️ ♋ 🔮,💖 🚫,0.5,0.25,0.33,0
521,🍢 🕉️ 🪧 🧑,,0.0,0.0,0.0,0
522,🏎️ ©️ ➕ 👩,👩 ©️ ➕ 🕉️,0.75,0.75,0.75,0
523,⏲️ 🇨🇺 😋 🥺,⏲️ ➕ 🕉️,0.33,0.25,0.29,0
524,🟰 🔔 🚧 🚧,🪀 🧑‍🔧 🕐,0.0,0.0,0.0,0
525,👩 🎲 🏘️ 🥍,👩 🏘️ 😲 🎲,0.75,0.75,0.75,0
526,👪 🧑‍🎨 🧑 💡,👪 🧑 🎦 👺,0.5,0.5,0.5,0
527,😞 🧾 🦣,🦣 🧾,1.0,0.67,0.8,0
528,⚽ 🗑️ 🍿 🧩,🗑️ 🍿 😧 🧼,0.5,0.5,0.5,0
529,🧑‍✈️ 🌋 🌋 ⛽,🌋 🙉 ⛽ 🍶,0.5,0.67,0.57,0
530,🍘 👨 🐄,🍘 👨,1.0,0.67,0.8,0
531,🆒 🗣️ 😞 🥠,🆒 ➕ 🥠 🦊,0.5,0.5,0.5,0
532,🙎 🤟 ℹ️ ❔,🙎 🤟 ℹ️ 😲,0.75,0.75,0.75,0
533,🪰 🇪🇺 🏫,🇪🇺 🏫,1.0,0.67,0.8,0
534,🐍 📒 ➕ 🧠,📒 😟 🧠 ❓,0.5,0.5,0.5,0
535,🇹🇩 ℹ️ 🧒 😞,😞 ℹ️ 🕡 👨,0.5,0.5,0.5,0
536,🫸 ➕ 🧑‍🧒 ℹ️,🫸 ➕ ℹ️ 🏫,0.75,0.75,0.75,0
537,🧩 🌃 ➕ ➕,➕ ➕ 🧑 ✍️,0.33,0.33,0.33,0
538,🚽 🧻 🖊️,🚽 🧻,1.0,0.67,0.8,0
539,💥 🚶 ➕ 🦇,➕ 🦇 🤔 🇦🇲,0.5,0.5,0.5,0
540,😞 ➕ ℹ️ 📱,➕ ⛏️ ℹ️ 📱,0.75,0.75,0.75,0
541,🪞 🤔 😞 ➕,🤔 🪞,1.0,0.5,0.67,0
542,👨 🇩🇪 😲 ➕,👨 😲,1.0,0.5,0.67,0
543,⚖️ 🇮🇩 🚽,⚖️,1.0,0.33,0.5,0
544,🤟 ℹ️ 👪 ➕,🤟 👪 🧑 🧑,0.67,0.5,0.57,0
545,📚 💰 🫥 🪁,📚 🐁 📚,0.5,0.25,0.33,0
546,🥴 🆒 🧒 📱,🆒 📱 📱,1.0,0.5,0.67,0
547,🕉️ 😂 ➕ ⛏️,😂 🕉️ 🏥 ➕,0.75,0.75,0.75,0
548,🎦 ➕ 🧒 🍺,🎦 🚬 🧴 🍲,0.25,0.25,0.25,0
549,🚫 🍶 🏠 🏙️,🏠 🏙️,1.0,0.5,0.67,0
550,🕝 🐾 ➕,🕝,1.0,0.33,0.5,0
551,📦 🚾 ♾️ ➕,♾️ 👚 🚹,0.33,0.25,0.29,0
552,👩 🐐 ➕ 👨,👨 🫟 🩸 🫗,0.25,0.25,0.25,0
553,⚠️ ⛏️ 🎦 🐚,⚠️ 🐚 🎦 🧑,0.75,0.75,0.75,0
554,🏘️ 📉 ➕ 👧,➕ 🏘️ 📉,1.0,0.75,0.86,0
555,🧙 📧 📠,🧙 🕳️ 📧 🫗,0.5,0.67,0.57,0
556,⌚ 📅 🫘 ⚧️,📻 📅 🤔 ⚧️,0.5,0.5,0.5,0
557,👨 🤔 🕉️ ➕,🤔 👨 🚧,0.67,0.5,0.57,0
558,🏥 🪏 🧌,🏥 🪏 🧌,1.0,1.0,1.0,1
559,🌊 🕉️ 📦 🦑,📦 🌊 🕉️ 🧙🏻,0.75,0.75,0.75,0
560,➕ ⛏️ ⏲️ 🤡,⛏️ ⏲️,1.0,0.5,0.67,0
561,➕ 🥓 😤 〽️,🥓 〽️,1.0,0.5,0.67,0
562,🧩 🕉️ 😞 🎤,🧩 🕉️ 🎤 🎦,0.75,0.75,0.75,0
563,🍬 ➕ 📟 👨,🍬 ➕ 👨 🕉️,0.75,0.75,0.75,0
564,⛏️ 😂 ⏫ 🚇,😂 🔆 🍿 ❓,0.25,0.25,0.25,0
565,🤔 ♾️ ⚡ ⏲️,🤔 ♾️ ⚡ ⏲️,1.0,1.0,1.0,1
566,🏎️ 🎖️ 🇮🇱 🎲,🎖️ 🇮🇱 🪨 👋,0.5,0.5,0.5,0
567,🟥 👨 😡 😀,🟥 😡 😀,1.0,0.75,0.86,0
568,🚧 📅 ➕ 🧑,🧑‍🔧 🥡,0.0,0.0,0.0,0
569,📅 🟥 🏤 ↘️,🟥 ↘️,1.0,0.5,0.67,0
570,😌 ➕ 🌟 ➕,😌,1.0,0.33,0.5,0
571,📧 🕉️ 💸 👤,📧 👤 🕉️ 💸,1.0,1.0,1.0,1
572,➕ ☑️ 🃏 👋,👋 ☑️ 🍶,0.67,0.5,0.57,0
573,➕ 🇬🇷 🕉️ 🆙,➕ 🕉️ 🆙,1.0,0.75,0.86,0
574,🏻 👀 ❓ 🔧,🏻 👀 ❓ 🧌,0.75,0.75,0.75,0
575,🦵 ➕ 🍺 🍞,🦵 🍺 🍞 🏭,0.75,0.75,0.75,0
576,🗣️ 🕉️ 🧹 👪,🕉️ 🗣️ 👪 🧴,0.75,0.75,0.75,0
577,➕ 🦠 🤔 📸,🤔 📸,1.0,0.5,0.67,0
578,🏎️ ➕ 🙅🏼‍♀️,🏎️ 🙅🏼‍♀️ ➕,1.0,1.0,1.0,1
579,🕉️ 📚 🇲🇫 🦰,📚 🇲🇫,1.0,0.5,0.67,0
580,ℹ️ 🕉️ ⛪ 👨,🕉️ 🗣️ 👬 ➕,0.25,0.25,0.25,0
581,🤔 👪 🇮🇷 😞,🤔 🏜️ 🏜️ 🚢,0.33,0.25,0.29,0
582,➕ 💺 ⚠️,➕ 💺,1.0,0.67,0.8,0
583,📅 ➕ Ⓜ️ 🆘,🔮 🗣️ 🏃,0.0,0.0,0.0,0
584,🇳🇷 🇨🇶 🎦 🧌,🇳🇷 🎦 🏿 🔮,0.5,0.5,0.5,0
585,🤔 🛞 🇺🇸 🚫,🤔 🚫 🦫 🚧,0.5,0.5,0.5,0
586,⚔️ 🖲️ 🧓 🆕,🧓 🆕,1.0,0.5,0.67,0
587,🙈 🚧 👪 🤥,🙈 👪 🤥 👻,0.75,0.75,0.75,0
588,🏎️ ✌️ 🥩 ➕,🧑‍💻 🥩 ❓ 🤧,0.25,0.25,0.25,0
589,🧟 🧎 🕉️,🧎,1.0,0.33,0.5,0
590,💒 💍 🧊 🎂,💒 💍 🎂,1.0,0.75,0.86,0
591,😲 🖕 🏫 🎚️,😲 🏫 🕣 🧩,0.5,0.5,0.5,0
592,🕉️ ➕ 📅 🆕,🕉️ ➕ 🏎️ 🇸🇹,0.5,0.5,0.5,0
593,🥫 🫜 😋 🏷️,🥫 ⚖️ 🥘 🫸,0.25,0.25,0.25,0
594,➕ ✍️ 🩹 🧶,➕ 🩹 ✍️ ✖️,0.75,0.75,0.75,0
595,🕉️ 🚫 ⚠️,🕉️ 🚫 ⚠️,1.0,1.0,1.0,1
596,⏲️ 🚀 🪧 🕉️,🗣️ ⏲️ ➕,0.33,0.25,0.29,0
597,➕ ♾️ 👧 ➕,➕ ➕,1.0,0.33,0.5,0
598,📿 ➕ ↗️ 👨,➕ ↗️ 🕉️,0.67,0.5,0.57,0
599,🌱 🧓 ℹ️ 💩,🧓 ℹ️ 😀 🕉️,0.5,0.5,0.5,0
600,🐺 📋 🍶 ☸️,🐺 📋 🧑 🍶,0.75,0.75,0.75,0
601,➕ 🐈 💺 🤧,🐈,1.0,0.25,0.4,0
602,🕉️ 🕉️ 🇸🇭 ➕,🕉️ ➕,1.0,0.67,0.8,0
603,🕉️ 📊 📏 🕦,🕉️ 📊 🇷🇪 🗣️,0.5,0.5,0.5,0
604,🏤 📷 🗽 ➕,🛃 🏤 📷 🤔,0.5,0.5,0.5,0
605,☺ ➕ ➕ 🧴,➕ ➕ 🧴,1.0,0.67,0.8,0
606,🖥️ ☣️ 👧 ➕,☣️ 🟥 🇷🇪,0.33,0.25,0.29,0
607,🕉️ ⛏️ 🎵,🕉️ ⛏️ 🎵,1.0,1.0,1.0,1
608,😲 🔜 ➕ 🕉️,😲 ➕,1.0,0.5,0.67,0
609,🐈 ⚓ 👄 💂,➕ 🐈 💂,0.67,0.5,0.57,0
610,🕉️ 🛒 👻 🧷,🧷 👻 📧 🧾,0.5,0.5,0.5,0
611,🍶 🥍 🧑‍🔬,🍶 🥍 🧑‍🔬,1.0,1.0,1.0,1
612,➕ 🧼 🕐,➕ 🕐,1.0,0.67,0.8,0
613,🇿🇦 🦟 🥅,🇿🇦,1.0,0.33,0.5,0
614,🎇 👍 🚗 🏜️,🚗 🎇 👍 🥸,0.75,0.75,0.75,0
615,♟️ ➕ ➕,♟️ ➕,1.0,1.0,1.0,1
616,⚠️ ⚖️ 🖼️ 🏃,⚠️ ⚖️ 🖼️,1.0,0.75,0.86,0
617,🦱 📌 👕 👨,🦱 👕 👨 🗑️,0.75,0.75,0.75,0
618,🅱️ ➕ ☣️ 🫦,➕ ➕,1.0,0.25,0.4,0
619,🧱 🔤 🩼 ⛪,🧱 🔤 ⛪ 📟,0.75,0.75,0.75,0
620,📧 👕 🐕‍🦺 📧,🐕‍🦺 📧 🧑‍🎤 🏸,0.5,0.67,0.57,0
621,➕ ➕ ➕ ‼️,➕ ‼️ ➕ 🌹,0.67,1.0,0.8,0
622,🫸 ⬅️ ➕,⬅️,1.0,0.33,0.5,0
623,🛐 ➕ 💡 ☢️,🛐 🗣️ ☢️,0.67,0.5,0.57,0
624,🕐 ➕ ⏲️ 📖,📖 🕐 🇨🇽,0.67,0.5,0.57,0
625,➕ ➕ ➕ 🕉️,➕ ➕ 🧑 😞,0.33,0.5,0.4,0
626,🟰 🌍 📚 🧹,🟰 🌍 📚 📰,0.75,0.75,0.75,0
627,🕉️ 😋 ☎️ 📚,😋 📚 🥟 🗑️,0.5,0.5,0.5,0
628,👩‍👧 📅 💨,👩‍👧,1.0,0.33,0.5,0
629,⌚ ➕ ‼️,⌚ ‼️ ➕,1.0,1.0,1.0,1
630,❓ 🆔 🩻 ⛓️,❓ 🦣 🐛,0.33,0.25,0.29,0
631,💌 🧑‍🏫 🧴 🕉️,💌 🧴,1.0,0.5,0.67,0
632,🛣️ 🇴🇲 🍿 📞,🇴🇲 🍿 📞 ℹ️,0.75,0.75,0.75,0
633,🕉️ ➕ 📳 🥟,🕉️ 🥟 🔒 👌,0.5,0.5,0.5,0
634,🇪🇹 ➕ 🟰 🥸,🥸 ➕ 🇺🇳 🌏,0.5,0.5,0.5,0
635,🏸 🪀 📝 🕐,➕ 📝 🎏,0.33,0.25,0.29,0
636,🟰 ⚧️ 🃏 🏸,⚧️ ➕ 🕍,0.33,0.25,0.29,0
637,💂 🙎‍♀️ 🐕 🛐,💂 🙎‍♀️ 🛐,1.0,0.75,0.86,0
638,🎦 📦 📅 🕤,🎦,1.0,0.25,0.4,0
639,🏏 🕝 ➕ 🈸,🏏 🤔 ➕ 😑,0.5,0.5,0.5,0
640,🚪 🎚️ ➕ ♾️,🚪 ⚾ 🎚️ ➕,0.75,0.75,0.75,0
641,🕉️ 🤔 😨,🕉️ 🤔 😨,1.0,1.0,1.0,1
642,🚪 ☎️ 📱 💒,🚪 💒 🏥 🍶,0.5,0.5,0.5,0
643,🕉️ 🤔 🪬 🛸,🕉️ 🛸,1.0,0.5,0.67,0
644,🛐 🤔 🥟 ✌️,🛐 🥟 🤔 🛐,1.0,0.75,0.86,0
645,✍️ ➕ 🏭 ⏲️,®️ 🏭 ⏲️ ➕,0.75,0.75,0.75,0
646,🧑 🏃 ➕ ℹ️,🧑 ➕ 👨 📅,0.5,0.5,0.5,0
647,🍣 🇯🇵 🚚 🍶,🍣 🚚 🇯🇵 🦵,0.75,0.75,0.75,0
648,📝 📰 📝 📌,📝 📝 ♈ 📰,0.67,0.67,0.67,0
649,✔️ 🥸 ➕ 🪙,✔️ 🧑 🥸 🪙,0.75,0.75,0.75,0
650,👻 😯 📚 😫,📚 😫 😩 🐻,0.5,0.5,0.5,0
651,➕ 🇳🇺 ⌚ 🍴,➕ 🍴 ➕,1.0,0.5,0.67,0
652,🕉️ 🪯 🇰🇳 👂,🕉️,1.0,0.25,0.4,0
653,⚖️ 🕠 ➕ 📚,⚖️ 📚,1.0,0.5,0.67,0
654,🚉 📚 🌊 💯,➕ 🕝,0.0,0.0,0.0,0
655,👌 🏠 ⏹️ ➕,📰 🏠 🥓 🆒,0.25,0.25,0.25,0
656,👑 ➕ 🛑 🏦,👑 ➕ 🛑 🤑,0.75,0.75,0.75,0
657,🟰 🗣️ 🧒 😠,🟰 😠 👪,0.67,0.5,0.57,0
658,➕ 😞 🪛 👪,😲 👪 😞 🎵,0.5,0.5,0.5,0
659,🧗 🏀 ➕ ➕,➕,1.0,0.33,0.5,0
660,🕉️ 🛐 💌 ➕,💌 🛐 ➕ 🍶,0.75,0.75,0.75,0
661,⌚ 🕉️ 🧟,⌚ 🕉️ 🧟,1.0,1.0,1.0,1
662,⏲️ 🟥 🧑,⏲️ 🟥,1.0,0.67,0.8,0
663,🧑‍🔬 📅 🌅 👩,🌅 📅,1.0,0.5,0.67,0
664,🏎️ 🇬🇪 😞 🕉️,😞,1.0,0.25,0.4,0
665,⚖️ ⚖️ 🇺🇲 ⛓️,🇺🇲 ⚖️ 🔩 ⛓️,0.75,1.0,0.86,0
666,🕉️ 🕉️ 🤔 ➕,🕉️ 🤔 🚚 ℹ️,0.5,0.67,0.57,0
667,💯 🕳️ ➕ ➕,🧑 ➕ 🛏️ 🕉️,0.25,0.33,0.29,0
668,📚 🥩 🍘 🤔,📚 🕳️ 🤔 🎤,0.5,0.5,0.5,0
669,🧒 🧟 🕉️ 🏒,🕉️ 🏒 🐁,0.67,0.5,0.57,0
670,👧 ✌️ ➕ 📕,➕ ✌️ 📕 🕉️,0.75,0.75,0.75,0
671,👧 🤔 👧 🕳️,👧 🤔 🕳️ 🏫,0.75,1.0,0.86,0
672,😲 ⚠️ 👨 ➕,😲 ⚠️ 🏬 😥,0.5,0.5,0.5,0
673,📚 ♣️ 🥟 🇷🇪,📚 🤼 ♣️ 🇷🇪,0.75,0.75,0.75,0
674,📝 🛃 🧩,🗣️ 🛃,0.5,0.33,0.4,0
675,🕉️ 🤔 🛐 🧴,🛐 🤔 🧴 🛏️,0.75,0.75,0.75,0
676,⛏️ 🏸 📅 🕝,⛏️ 🏏 🕐 📺,0.25,0.25,0.25,0
677,🏎️ ⛪ 😤 🍝,🏰 ⛪ 🕉️ 🐻,0.25,0.25,0.25,0
678,🦪 🕉️ 🃏 ➕,🕉️ 🃏 🕉️ 💌,0.67,0.5,0.57,0
679,🎤 🫶 💣 🕉️,🫶 💣 🥧,0.67,0.5,0.57,0
680,⌚ 🎥 ⚠️ 🔗,🎥 ⚠️ 📮 ⚠️,0.67,0.5,0.57,0
681,🪀 😂 👄 👂,🕉️ 👂 ℹ️ 🃏,0.25,0.25,0.25,0
682,⚾ 🥍 👨 🍬,⚾ 👨 🗣️ 🍬,0.75,0.75,0.75,0
683,👂 🧑 🚪 🧒,👂 🚪 🧒 👧,0.75,0.75,0.75,0
684,🐺 🥓 👪,👪,1.0,0.33,0.5,0
685,🕤 ➕ 🔕 😀,🕤 ➕ 🧑 🔒,0.5,0.5,0.5,0
686,➕ 🏫 🛩️ ➕,🏫 🛩️ ➕ ⚠️,0.75,1.0,0.86,0
687,↘️ 🦸 🍶 📝,🦸 ❕ 📝 ➕,0.5,0.5,0.5,0
688,🏎️ ➕ 💊 🎟️,➕ 🎟️ 💊 🇷🇪,0.75,0.75,0.75,0
689,🏎️ 🛒 🚬 🍋,🏎️ 🧃 🏭 ⚓,0.25,0.25,0.25,0
690,💰 🧴 ⏲️,💰 🧴 ⏲️,1.0,1.0,1.0,1
691,🦵 🕉️ ⚠️ 🧑‍💻,🗣️ ➕ ➕ 👪,0.0,0.0,0.0,0
692,👾 ♾️ 🕉️,👾 ♾️,1.0,0.67,0.8,0
693,💰 ⏫ 🤑 🛐,💰 🤑 ➕ 🧑‍🚀,0.5,0.5,0.5,0
694,➕ 🎒 😒,😒 🎒,1.0,0.67,0.8,0
695,⚧️ 🏸 🎰 🏛️,🏸 ⚧️ 🧒 👨,0.5,0.5,0.5,0
696,🦸‍♂️ 🍡 🥈,🦸‍♂️,1.0,0.33,0.5,0
697,😩 ℹ️ 🤔 ☀️,😩 🤔 ☀️ 🇯🇪,0.75,0.75,0.75,0
698,📷 🏋️ ➕ ⬅️,📷 🏋️ ➕ 🏥,0.75,0.75,0.75,0
699,🚧 ⚾ 🇮🇶 🧟,🚧 ⚾ 🧟 🥵,0.75,0.75,0.75,0
700,🏫 🖼️ 👌 🍍,🏫 🖼️ 🍍,1.0,0.75,0.86,0
701,✡️ 🌭 😩 ⏲️,😩 🌭 ⏲️ 🍶,0.75,0.75,0.75,0
702,➕ 💯 🤱 ➕,➕ ➕ 👨,0.5,0.33,0.4,0
703,🗣️ 😞 ❕ 🔗,🗣️ ❕ 🔗 📮,0.75,0.75,0.75,0
704,👨 🧴 ➕ 💱,👨 🧴,1.0,0.5,0.67,0
705,✡️ 🇨🇷 🎲 😂,✡️ 🎲 😂,1.0,0.75,0.86,0
706,🕉️ ➕ 🍺,🍺,1.0,0.33,0.5,0
707,⛴️ ⛪ ⛪ ☮️,⛪ ⛪ 👻 ℹ️,0.33,0.33,0.33,0
708,🐕 🍶 🧗 🛏️,🐕 🧗 🛏️,1.0,0.75,0.86,0
709,🔦 📸 🦠 😡,🔦 📸 🏭 🧓,0.5,0.5,0.5,0
710,🪰 🛞 🆒 🗜️,🪰 🛞 🗜️ ❄️,0.75,0.75,0.75,0
711,🕉️ 🤔 ✡️ 🇦🇹,➕ 🤔 ✡️ 🥦,0.5,0.5,0.5,0
712,📅 😞 🏙️,😞 📅 🏙️,1.0,1.0,1.0,1
713,🆘 ✈️ 🔗 💸,🔗 💸 ▶️,0.67,0.5,0.57,0
714,🕉️ 🏠 🍶 🪓,🕉️ 🛜 🎾 👨,0.25,0.25,0.25,0
715,🕉️ 🤴 🍶 ♾️,🤴 ♾️,1.0,0.5,0.67,0
716,🇬🇧 🧆 🥵,🇬🇧 🥵,1.0,0.67,0.8,0
717,🕉️ ➕ 🏫 🧑‍💼,🕉️ 🧑‍💼 ⌚ 💻,0.5,0.5,0.5,0
718,🧑 🪶 ⛹🏽 ➕,📰 ♾️,0.0,0.0,0.0,0
719,⏬ 🍳 ➕,⏬ 🕤,0.5,0.33,0.4,0
720,⛏️ 📦 📁 ♂️,📦 📁,1.0,0.5,0.67,0
721,🤔 🏸 🏸 🕉️,🤔 🏸 😲 ➕,0.5,0.67,0.57,0
722,😨 🧈 🐤 🌠,😨 🌠,1.0,0.5,0.67,0
723,➕ 🚪 🥍 🦫,🧑‍💼 ℹ️ 🦫 🚗,0.25,0.25,0.25,0
724,⛪ ↘️ 🙈 ➕,⛪ 🤢,0.5,0.25,0.33,0
725,🕉️ 💔 🌍 🍶,🎲 ⚠️ 🍶 🏥,0.25,0.25,0.25,0
726,👀 😕 🇫🇴 ➕,🗣️ 👀 🍶 👨,0.25,0.25,0.25,0
727,➕ ➕ 🪐 🪐,🧑‍🔬 ⚰️ 🧶 🧑‍💼,0.0,0.0,0.0,0
728,➕ 🧠 ➕ 🧑‍🏫,➕ 🛐 🇫🇴 📚,0.25,0.33,0.29,0
729,⛏️ 🌅 ➕,➕ 🌅 ➕,1.0,0.67,0.8,0
730,🌭 🌶️ ⌚ 👧,🟥 🥵 ✡️,0.0,0.0,0.0,0
731,😌 📅 🙋‍♂️ 💂,📅 🤔 ⬅️ 👨,0.25,0.25,0.25,0
732,🧑‍💼 💑 💎 🥶,💑 💎 🥶,1.0,0.75,0.86,0
733,⛏️ 💍 ⏲️ 🪚,💍 ➖ 🏋️ ➕,0.25,0.25,0.25,0
734,🎱 🛃 🧑 🕞,🛃 🎱 📖 💡,0.5,0.5,0.5,0
735,😀 👨 🤔 🤯,😀 🤔 ➕ 🧑‍🎓,0.5,0.5,0.5,0
736,🕉️ 💤 🧄,,0.0,0.0,0.0,0
737,🖲️ 🐽 🤳 ❓,🤳,1.0,0.25,0.4,0
738,ℹ️ 🐕 🌲,ℹ️,1.0,0.33,0.5,0
739,🤔 🦶 🤔 🪱,🤔 🤔 🦶 ⚠️,0.67,0.67,0.67,0
740,🏛️ 🚢 🕉️,🏛️ 🚢,1.0,0.67,0.8,0
741,🍅 🥬 🦠 🤧,🛸 🫗 😲,0.0,0.0,0.0,0
742,💸 ➕ 📦 🇩🇯,➕ 📦 😲 🕉️,0.5,0.5,0.5,0
743,👵 📰 🪶 🥺,👵 🪶 😮‍💨 🥸,0.5,0.5,0.5,0
744,👪 😢 ➕ ♟️,😢 ♟️ ©️ ⛏️,0.5,0.5,0.5,0
745,➕ 🔨 🏭 🏛️,🔨 ➕,1.0,0.5,0.67,0
746,®️ 🕉️ 😨,🕉️ 😨,1.0,0.67,0.8,0
747,➕ 🕉️ 🕉️,🕉️,1.0,0.5,0.67,0
748,⏲️ ⌚ ➕ ♾️,♾️ ⏲️ ➕ 🥷,0.75,0.75,0.75,0
749,➖ 💽 ⏲️ 🦛,💽 📕 🏠 😞,0.25,0.25,0.25,0
750,🥵 🕉️ 🇬🇷 💒,🦣 🥵 💒 🐇,0.5,0.5,0.5,0
751,💯 🇷🇺 ℹ️ ☦️,💯 ☸️ ☦️ 🇩🇪,0.5,0.5,0.5,0
752,➕ 💨 ♾️ 🕤,➕ 💨 ♾️ ⏸️,0.75,0.75,0.75,0
753,➕ 🥟 〽️ 🍬,➕ 🥟 〽️,1.0,0.75,0.86,0
754,👧 🖼️ 📅 📮,➕ 👧 🛐 🧌,0.25,0.25,0.25,0
755,😲 🧑‍🧒 🇰🇲 🛐,🛐,1.0,0.25,0.4,0
756,👛 ℹ️ ➕ 🕉️,👛 ➕ ℹ️ 🕉️,1.0,1.0,1.0,1
757,📚 🤑 🕉️ 📚,🕉️ 🤑 📚 🦸,0.75,1.0,0.86,0
758,🍶 👗 🚗 🤑,🧑 🍶 😰 ⛏️,0.25,0.25,0.25,0
759,🏎️ 🏪 🐕‍🦺 ✌️,🏪 🐕‍🦺 ✌️ 🏨,0.75,0.75,0.75,0
760,🧮 ➕ 📅 ➖,🗣️ 📅 ➖,0.67,0.5,0.57,0
761,🇦🇺 ❕ 🕉️ 🧉,❕ 🧉,1.0,0.5,0.67,0
762,🕉️ 🩳 🧣 🧴,🕉️ 🧴 🩳 🖼️,0.75,0.75,0.75,0
763,🕍 ➕ 🕍 🕍,➕ 🕍 🧑 🏠,0.5,1.0,0.67,0
764,⛪ 🛑 🇮🇱 ➕,⛪ 🇮🇱 ➕ 🏥,0.75,0.75,0.75,0
765,🧪 💊 🇫🇴 🕉️,🕉️ 📺,0.5,0.25,0.33,0
766,🕉️ 🪄 ✡️ 👋,🕉️ ✡️ 🙆 👋,0.75,0.75,0.75,0
767,🧒 🧑 🇷🇪 🕉️,🇷🇪 🧒 🧑 📛,0.75,0.75,0.75,0
768,👻 👂 🧑‍🍳 ➕,➕ 🍳 ☕ 👄,0.25,0.25,0.25,0
769,📋 🕉️ ➕ 🧑‍🏫,📋 🧑‍🏫 🧒 👨,0.5,0.5,0.5,0
770,⏲️ 🇨🇦 💊 🧟,⏲️ 🔫 😀,0.33,0.25,0.29,0
771,↗️ 🛳️ 💂,↗️ 💂,1.0,0.67,0.8,0
772,🚫 📮 🪀 🔗,🪀 🚫 🔗 ⚠️,0.75,0.75,0.75,0
773,🕹️ 🍡 🧑‍🎤 💓,💓 🍡 🧑‍🎤 🥍,0.75,0.75,0.75,0
774,🍶 ➕ 👩 💂,🍶 💂 🍶 👬,0.67,0.5,0.57,0
775,📚 ➕ 👻 🪀,📚 📮 👻 ⌚,0.5,0.5,0.5,0
776,⏲️ 🖌️ 🧍 🧱,,0.0,0.0,0.0,0
777,🧟 🗣️ 🕉️ 🔪,🗣️ 🔪 🐛,0.67,0.5,0.57,0
778,🕉️ ⏲️ ⌚ ⏫,🕉️ 🧪 🧻 ⏲️,0.5,0.5,0.5,0
779,♟️ 🤓 🥸 🦊,🥸 🤓 🦊,1.0,0.75,0.86,0
780,👥 👦 ⛏️ ❓,❓ 👦 ✡️ ✡️,0.67,0.5,0.57,0
781,👟 🥨 🏷️ 🎵,🏷️ 💌 🍶 🎲,0.25,0.25,0.25,0
782,🕉️ 🪶 🕖 🩶,🕉️ 🪶 🩶 🇺🇸,0.75,0.75,0.75,0
783,🤔 🥭 🃏 🕉️,🤔 🌊 🎁 🍬,0.25,0.25,0.25,0
784,📚 ➕ 🕉️ 🚧,📚 ➕ 🕉️ 🚧,1.0,1.0,1.0,1
785,🗣️ 🚢 🪡 😔,🚢 😔,1.0,0.5,0.67,0
786,😞 ©️ 🙎,©️,1.0,0.33,0.5,0
787,🕉️ ➕ ➕ 🕉️,➕,1.0,0.5,0.67,0
788,▶️ 🧵 🛐 ➕,🛐 ▶️ 🧵 🥡,0.75,0.75,0.75,0
789,⛽ ✍️ ⚡ ⚡,⛽ ⚡ 🗄️,0.67,0.67,0.67,0
790,📅 🕉️ ⏲️ 🤑,📅 🕉️ ⏲️ 🚽,0.75,0.75,0.75,0
791,🤔 🫥 🎀,🤔 🫥,1.0,0.67,0.8,0
792,🥩 ⚠️ ➕ 〽️,🥩 🏋️‍♀️ 〽️ ➕,0.75,0.75,0.75,0
793,🧍 🐛 👀,👀,1.0,0.33,0.5,0
794,🔢 ⚒️ 🍚 🍝,🔢 ⚒️ 📢 💤,0.5,0.5,0.5,0
795,🧜🏼‍♀️ 🎤 💌 ♾️,🧜🏼‍♀️ 🎤 ♾️ 🕉️,0.75,0.75,0.75,0
796,☸️ 🗣️ 🕐 🕧,🧑‍🦰 🗣️ 📮 🩸,0.25,0.25,0.25,0
797,👵 🥸 🏠 👩‍👧,👩‍👧 📹 📋 🧃,0.25,0.25,0.25,0
798,🤔 🧑‍🎨 📹 ⌚,🤔 📹 📷 ⛽,0.5,0.5,0.5,0
799,🇱🇧 🏖️ 🇵🇸 🇮🇱,🏖️ 🇮🇱,1.0,0.5,0.67,0
800,🍡 📏 ✡️ 🫗,🍡 ✡️ 🗣️ ➕,0.5,0.5,0.5,0
801,🕉️ 🏝️ 🦢,🕉️ 🏝️,1.0,0.67,0.8,0
802,🤔 🏙️ 🇷🇪 🤑,🤔 🤑 🏙️ 🎬,0.75,0.75,0.75,0
803,😨 🫄 🌃 ☮️,🫄 ☮️ ➕ 🏥,0.5,0.5,0.5,0
804,➕ 🏏 ➕ 🔌,🏏 ➕ 🇫🇷 🇬🇧,0.5,0.67,0.57,0
805,🐺 🎲 📮 🧑,🐺 🎲 🏤,0.67,0.5,0.57,0
806,➕ ➕ 🍋 🥍,➕ 👻 ➕ 🥫,0.33,0.33,0.33,0
807,👦 🍶 💧 💩,🍶 🇷🇪 💩 😀,0.5,0.5,0.5,0
808,🙎 👨 🎨 👨,👨 ➖ 👨 🎨,0.67,0.67,0.67,0
809,➕ 🇸🇦 🇸🇦 👨,➕ 🇸🇦 🤔 👽,0.5,0.67,0.57,0
810,➕ 😲 🛄 🧛🏾‍♀️,➕ 😲,1.0,0.5,0.67,0
811,👪 ®️ 🥍 🦣,👪 🥍 🚧 👨,0.5,0.5,0.5,0
812,➕ ➕ ➕ 🦣,🦣 ➕ 🛒,0.67,1.0,0.8,0
813,🕉️ 🪜 🐑 👨,📍 ➕ 👨 🤑,0.25,0.25,0.25,0
814,🟰 🇮🇱 🪓 🤔,🇮🇱 🪓 🧑 ⛏️,0.5,0.5,0.5,0
815,❔ ℹ️ ℹ️ ⌚,❔ ℹ️ ⌚,1.0,1.0,1.0,1
816,💽 📅 🕤 💌,💽 💌 🪵 🎦,0.5,0.5,0.5,0
817,🕉️ ➕ 🪧,🕉️,1.0,0.33,0.5,0
818,🚫 🆗 🫲 ⌚,🇺🇲 ⌚ 😨 💼,0.25,0.25,0.25,0
819,➕ 🟥 🔁 🃏,➕ 🟥 🆕 😲,0.5,0.5,0.5,0
820,🕵️ 📇 💧 🧑‍🔬,🕵️ 💥 🧑‍🔬 ➕,0.5,0.5,0.5,0
821,🧑 🕉️ 👧 〽️,🗣️ 🧑 ⏱️ 🗣️,0.33,0.25,0.29,0
822,⛏️ 🥫 🇹🇫 💪,⛏️ 🥫 💪,1.0,0.75,0.86,0
823,🟰 😟 😫 🕐,😫,1.0,0.25,0.4,0
824,🧒 ➕ 🕐,➕ 🕐,1.0,0.67,0.8,0
825,🃏 🏤 ⚡ 🃏,🗣️ 🃏 🃏 🗣️,0.5,0.33,0.4,0
826,🥵 ➖ 🐖,🥵 ➖ 🐖,1.0,1.0,1.0,1
827,🧑‍🎄 🧜‍♂️ 👨 ➕,💌,0.0,0.0,0.0,0
828,➕ 🤔 🔮 🧴,😲 🔮 ⌚ 🧴,0.5,0.5,0.5,0
829,🧑‍🎓 🫁 ➕ 😞,➕ 🫁,1.0,0.5,0.67,0
830,🇲🇫 🧆 📧 🎓,📧 🎓,1.0,0.5,0.67,0
831,🙆 🕉️ 🌅 👨,👨 👨,1.0,0.25,0.4,0
832,👖 😡 🅾️ 🐛,🅾️ 😡 🧑‍🎤 💓,0.5,0.5,0.5,0
833,🕉️ 🕉️ ➕ 😞,➕ 🕉️,1.0,0.67,0.8,0
834,🤔 📌 🧑‍🌾 ➕,🤔 📌 📽️,0.67,0.5,0.57,0
835,🍑 ☃️ 😔 🥕,🍑 🥕 😔 🖼️,0.75,0.75,0.75,0
836,👻 ➕ ©️ 😥,➕ 👻 ©️ 😥,1.0,1.0,1.0,1
837,🧑 🤑 🍶 ➕,🧑 ➕ ➕,1.0,0.5,0.67,0
838,🏟️ 👪 🥓 📔,👪 🥓 🧀 🐔,0.5,0.5,0.5,0
839,🇦🇽 🌊 🅾️ 🇨🇦,🌊 🇨🇦 ➕,0.67,0.5,0.57,0
840,⌨️ 🧩 🧑‍💼 💨,🧩 🧑‍💼 📺 🖥️,0.5,0.5,0.5,0
841,🕉️ 🤔 ⚧️ 📏,🛐 🤔 ⚧️ 👨,0.5,0.5,0.5,0
842,😲 📦 💽 🛡️,😲 🥻 😲 🥯,0.33,0.25,0.29,0
843,🧑 🧑‍🎨 🗿 ✍️,🧑 🤔 🦆 🪵,0.25,0.25,0.25,0
844,➕ 📘 👧 🖐️,🔗 📘 👂🏻 ⚠️,0.25,0.25,0.25,0
845,😀 🔗 🚧,😀 🔗 🚧,1.0,1.0,1.0,1
846,🏎️ 🍺 ➕,🍺,1.0,0.33,0.5,0
847,🚫 📺 ➖,🚫 📺 ➖,1.0,1.0,1.0,1
848,🇧🇾 ✡️ ➕ 🇹🇻,➕,1.0,0.25,0.4,0
849,🧑‍🎄 🚧 👶 ➕,🚧 ➕ ⚠️ ➕,0.67,0.5,0.57,0
850,☕ 🗣️ ☕ 💺,☕ 🆓,0.5,0.33,0.4,0
851,🧵 👌 ⏲️ 👪,🧵 👌 ⏲️ 👪,1.0,1.0,1.0,1
852,🦊 🔚 🛒 ℹ️,🦊 🔚 ℹ️ ➕,0.75,0.75,0.75,0
853,📮 💸 👨 ⌚,👨 📮 💸 🕹️,0.75,0.75,0.75,0
854,👩 🎈 🫖 🇵🇼,🇵🇼,1.0,0.25,0.4,0
855,🟤 ➕ 📟 📮,➕ 📮 📟 🥈,0.75,0.75,0.75,0
856,🐹 🥔 🥧,🐹,1.0,0.33,0.5,0
857,📚 🛣️ 🔆 ®️,🧑‍💻,0.0,0.0,0.0,0
858,🚫 ➕ 🤑,🚫 ➕ 🤑,1.0,1.0,1.0,1
859,🛡️ 🔌 😲 ➕,🛡️ 🔌 📱,0.67,0.5,0.57,0
860,➕ 🍶 ⛏️ 🇫🇴,🍶 ⌚,0.5,0.25,0.33,0
861,🇳🇷 🏸 🧻 🕐,🇳🇷 🏸 🧻,1.0,0.75,0.86,0
862,🍶 🇷🇪 🏙️,🍶 🇷🇪 🏙️,1.0,1.0,1.0,1
863,⛓️‍💥 🈸 😲 😨,😨 😲 ⬅️,0.67,0.5,0.57,0
864,🕉️ 🕯️ 🖌️ ➕,🕉️ 🧷,0.5,0.25,0.33,0
865,🎤 🕉️ 🕉️ ➕,➕ 🧒,0.5,0.33,0.4,0
866,☕ 📅 🎂 💊,☕ 📅 🎂 💊,1.0,1.0,1.0,1
867,🏦 🛒 🏥 🌏,🏥 🏦 🚫 🕉️,0.5,0.5,0.5,0
868,😀 💌 🩳 🦇,😀 ➖ 💌 🩳,0.75,0.75,0.75,0
869,❇️ 🖥️ 📺,🖥️ 📺,1.0,0.67,0.8,0
870,👪 🥫 👄 👊,👪 👊 🥫 📖,0.75,0.75,0.75,0
871,➕ 📦 🍶 ➕,📦 🍶 📦 🐛,0.67,0.67,0.67,0
872,🖌️ 🇭🇷 👤 🎞️,🔊,0.0,0.0,0.0,0
873,♣️ 🖼️ 📮 🚗,♣️ 🖼️ 📮 🟥,0.75,0.75,0.75,0
874,🏸 😳 🕣 🧑‍🦱,🏸 🧑‍🦱,1.0,0.5,0.67,0
875,🍶 🪰 📻 ➕,🍶 💸 📺 💊,0.25,0.25,0.25,0
876,🧑‍💼 🚧 ⛏️ 🏭,🧑‍💼 ⛏️ 🏥 🛒,0.5,0.5,0.5,0
877,🔨 🕉️ ✌️ ⚙️,🔨 ⚙️ ✌️ 🌠,0.75,0.75,0.75,0
878,🇦🇱 ❓ 📇 🛃,🇦🇱 ❓ 📇 🆘,0.75,0.75,0.75,0
879,🧓 📅 ℹ️ 📹,📅 📹 🕦 🍶,0.5,0.5,0.5,0
880,🪰 ⏲️ 🦵 🧑,🪰 ⏲️ 🍶 🧑‍🍳,0.5,0.5,0.5,0
881,⏹️ 🕉️ 🗣️ 🕉️,🕉️ ⏹️ 🗣️ 🫗,0.75,1.0,0.86,0
882,⌚ 😲 🖤 🇨🇬,👵 🧑 ➕ ➕,0.0,0.0,0.0,0
883,📦 🕉️ ➕ 🖼️,📦 🖼️ 🕉️ ☑️,0.75,0.75,0.75,0
884,🍸 😞 👖,👚 😞,0.5,0.33,0.4,0
885,📮 🔗 💽 🅿️,📮 🔗 🧑‍💻 🕉️,0.5,0.5,0.5,0
886,💻 🏷️ ⌨️ ♾️,🏷️ ♾️ 🍏 🇰🇮,0.5,0.5,0.5,0
887,➕ 💼 ➕ 🧠,🧑‍🏫 🗳️ 🕉️ 👨,0.0,0.0,0.0,0
888,⚠️ 🫸 🤔 💔,⚠️ 💔 🤔 💯,0.75,0.75,0.75,0
889,💤 ➕ 🎲 🛐,➕ 🛐 🛜 🚫,0.5,0.5,0.5,0
890,🧑‍🎄 😴 🗣️ 🪇,🕉️ 🗣️ 🤔,0.33,0.25,0.29,0
891,😔 📊 🚧 🕉️,😔 📊 🚧 🕉️,1.0,1.0,1.0,1
892,➕ 😧 ➕ 🧠,😧 😋 ➕ ➕,0.67,0.67,0.67,0
893,⌚ 🤼 🕉️ ➕,👀 🤼,0.5,0.25,0.33,0
894,🕉️ 😀 👄 📚,🕉️ 😀 👄,1.0,0.75,0.86,0
895,🎗️ 💣 😞 🎲,💣 🎲,1.0,0.5,0.67,0
896,ℹ️ 🕐 🥫 ⛏️,🩳 🥫 🕐 🪝,0.5,0.5,0.5,0
897,🔀 🤟 🧂 🧑,🔀 🤟 🏙️ 👕,0.5,0.5,0.5,0
898,🏏 🏸 📦 🧩,🏸 ➕ 💻 🏏,0.5,0.5,0.5,0
899,👌 🎤 👪 🍶,➕ 👌 🎤 🏭,0.5,0.5,0.5,0
900,🗿 ➕ 🗣️ 🛜,➕ 🗣️ 🛜,1.0,0.75,0.86,0
901,🍶 🏷️ 🚧,🍶 🚧,1.0,0.67,0.8,0
902,🧎 🏃 🏃 🏫,🏫 🧎 🩺 🕐,0.5,0.67,0.57,0
903,💰 🏏 🕉️ 📅,🏏 👨 ➕,0.33,0.25,0.29,0
904,🎺 🕉️ 🧉 🍳,🕉️ ♾️ 🌮 🫗,0.25,0.25,0.25,0
905,➖ 🚪 ✒️,➖ 🚪,1.0,0.67,0.8,0
906,⌚ 🏃 😱 💸,⌚ 🏃 😱 💸,1.0,1.0,1.0,1
907,➕ 🕉️ 🤔 😕,😕 ➕ ©️,0.67,0.5,0.57,0
908,😌 🧑 🤔 🚫,😌 💌 🧑 ⛏️,0.5,0.5,0.5,0
909,ℹ️ 🤑 🎵,ℹ️ 🤑,1.0,0.67,0.8,0
910,🏿 🏏 ✌️ ⏩,🏏 🧑 🏿 ✌️,0.75,0.75,0.75,0
911,📺 🏪 🏫 ⛏️,🏫 🥺 ⛏️ 📚,0.5,0.5,0.5,0
912,➕ 📹 🏷️ 🚓,📹 🚓 💢 🆕,0.5,0.5,0.5,0
913,🇧🇿 ➕ 🕉️ 🇸🇩,🕤 🇺🇸 ⏲️,0.0,0.0,0.0,0
914,⛏️ 🫙 ❓ 🐛,⛏️ 🫙 📦 🐛,0.75,0.75,0.75,0
915,🛗 🇲🇫 🚆 🚉,🛗 ⛓️‍💥 📅 🐛,0.25,0.25,0.25,0
916,🇯🇵 🇲🇾 🇰🇷,🇯🇵 🇰🇷,1.0,0.67,0.8,0
917,🥯 🗳️ ➕ 🫕,🥅 🗳️ ➕ 🏕️,0.5,0.5,0.5,0
918,🚕 🧾 ➕,🧾,1.0,0.33,0.5,0
919,🥑 🌃 😩 🧑‍🍳,🥑 🌃 🍳 🧀,0.5,0.5,0.5,0
920,😀 😲 😫 🧓,😀 😲 ➕ 🍶,0.5,0.5,0.5,0
921,🪓 🕳️ 🕉️,🕉️,1.0,0.33,0.5,0
922,➕ 👂 😲 🔛,➕ 😲 👂,1.0,0.75,0.86,0
923,💵 🕉️ 🕣 🫸,🕉️ 💵 ➕ 🃏,0.5,0.5,0.5,0
924,💂 📮 🧪 🕵️,🧪 🕵️ 🟥,0.67,0.5,0.57,0
925,🕉️ 🏫 🈂️ 🚬,🚬 ➕ ⛓️ ➕,0.33,0.25,0.29,0
926,🇿🇦 🎉 ➕ 👧,➕ 🎉 🆕 🌏,0.5,0.5,0.5,0
927,🍿 〽️ ⛏️ 😕,⛏️ 🍿 😕,1.0,0.75,0.86,0
928,🔒 🕉️ 🎲 ➕,➕ 🕉️ 😤 💔,0.5,0.5,0.5,0
929,📰 ⌨️ ▶️ 🚪,📰 🚪 ⌨️ ▶️,1.0,1.0,1.0,1
930,🧒 🏏 📕 🤔,🧒 🏏 🤔 💓,0.75,0.75,0.75,0
931,➕ 🆖 🪭 🇨🇼,🪭 ♾️ 🎵 ➕,0.5,0.5,0.5,0
932,🚬 🌿 ⏲️ 🥍,💯 ⏲️ ➕ 🥍,0.5,0.5,0.5,0
933,➕ 🗣️ 👪 🧑‍💻,➕ 🟥 🧑‍💻 🧑,0.5,0.5,0.5,0
934,👾 🔮 📞 ⚒️,👾 ℹ️ 📔 🛰️,0.25,0.25,0.25,0
935,⚒️ ➕ 📀 ✍️,👌 ✍️ ⌚ 🎤,0.25,0.25,0.25,0
936,🏠 🍶 📚 🏦,🍶 🏠 ✍️ 🧑‍🍳,0.5,0.5,0.5,0
937,➕ 🫨 🏠 🥁,🏠 ➕ 🫨,1.0,0.75,0.86,0
938,☁️ 🚫 🎗️ ℹ️,🎗️ ☑️ 🤔 ➕,0.25,0.25,0.25,0
939,🧉 ➕ ➕ 😲,😲,1.0,0.33,0.5,0
940,〽️ 🕢 👗 🚧,〽️ 🚧 💽,0.67,0.5,0.57,0
941,🕐 🪱 🈸 ℹ️,ℹ️ 🌱 🔑 👕,0.25,0.25,0.25,0
942,➕ 🕉️ ➕ 🕉️,➕ ➕ 💽,0.5,0.5,0.5,0
943,🍶 🚽 💺,🍶 🚽 💺,1.0,1.0,1.0,1
944,➕ 🦊 🧴,➕ 🦊 🧴,1.0,1.0,1.0,1
945,📖 🤑 ➕ ⌚,📖 ➕ 🤑 ⌚,1.0,1.0,1.0,1
946,🧑‍🍳 🥚 🪭 🥪,🪭 🥚 🥪 ⛏️,0.75,0.75,0.75,0
947,➕ 🛑 🇮🇱 🖼️,🗣️ 🖼️ 🛑 🇮🇱,0.75,0.75,0.75,0
948,🕉️ ➕ ➕,🕉️ ➕,1.0,1.0,1.0,1
949,😞 ➕ 🔪 👨,➕ 🔪 ➕ 💺,0.67,0.5,0.57,0
950,🍶 🥺 🌠 👪,🍶 🌠 👪 🤔,0.75,0.75,0.75,0
951,🕉️ 📚 🫱 ➕,📚 ⌚ 🧑 🤾🏽‍♂️,0.25,0.25,0.25,0
952,🔗 🧑‍🍼 ⚧️,🔗 🧑‍🍼 ⚧️,1.0,1.0,1.0,1
953,⌚ ℹ️ 📮,⌚ ℹ️ 📮,1.0,1.0,1.0,1
954,📚 👧 🧑‍🎄 🤔,📚 👬,0.5,0.25,0.33,0
955,🎁 ❗ 🇨🇺,🇨🇺,1.0,0.33,0.5,0
956,⌚ 💓 🕉️ 🇵🇦,⌚ 💓 🤔,0.67,0.5,0.57,0
957,😐 🏥 😏 ➕,😐 🏥 ➕ 🥠,0.75,0.75,0.75,0
958,🏎️ 🗯️ ➕ 〽️,🧑 🌨️ 〽️ 👻,0.25,0.25,0.25,0
959,🇷🇸 🇪🇺 🍶 🧑,🇷🇪 ⌚ 👪 🏭,0.0,0.0,0.0,0
960,🗣️ 🧓 😞,🧓 😞,1.0,0.67,0.8,0
961,😲 🎫 ℹ️ 💨,😲 ℹ️ 📧,0.67,0.5,0.57,0
962,🟡 🪰 👄 💩,🟡 🪰 📺,0.67,0.5,0.57,0
963,➕ ➕ 👗 🍸,➕ ➕,1.0,0.33,0.5,0
964,⚪ ⌚ 🕉️ 🕉️,🕉️ 👀 🥡 🚧,0.25,0.33,0.29,0
965,⛏️ 🥑 📹 🔸,⛏️ 📹 🔸,1.0,0.75,0.86,0
966,🎤 ✡️ 🍶 🤪,📕 ✡️ 🪨,0.33,0.25,0.29,0
967,🚑 🏥 🧻 🚶,🚑 🚶 📝 ➕,0.5,0.5,0.5,0
968,➕ 📚 ℹ️ 🔣,🔣,1.0,0.25,0.4,0
969,⛏️ 🕉️ ♟️ 🖕,⛏️ 💽 🧒 🧦,0.25,0.25,0.25,0
970,🥵 💂 💥 😨,⛱️ 🥵 💂 🫖,0.5,0.5,0.5,0
971,🚗 ➕ 🧷 🩳,🚗 🧷 ➕ 🩳,1.0,1.0,1.0,1
972,🆒 🏚️ 📮 😂,🆒 😂 🏚️ 🔗,0.75,0.75,0.75,0
973,➕ ⚪ 👨 ➕,➕ ➕ ➕ ⚪,1.0,0.67,0.8,0
974,🧓 🥅 ❓ 🧻,👑 🥅 ❓ 🧻,0.75,0.75,0.75,0
975,✌️ 🧒 🧑‍⚖️ ➕,✌️ 🧒 🔚 🤑,0.5,0.5,0.5,0
976,🍏 🏷️ 🏬 👁️,🍶 🏷️ 🥻 🔋,0.25,0.25,0.25,0
977,🏠 🕥 🕥 ➕,🏠 🕥 🇹🇫 ⏲️,0.5,0.67,0.57,0
978,🦸 🥺 🤑,🥺 🤑,1.0,0.67,0.8,0
979,🕉️ 🕳️ 🚫 👧,🕉️ 🕳️ 🚫,1.0,0.75,0.86,0
980,🏏 ⏲️ 🕘 ❎,🏏 ☑️ 🏸 💢,0.25,0.25,0.25,0
981,🌀 🏠 ➕ ➕,➕ 🌀 ➕ 🏸,0.67,0.67,0.67,0
982,🕉️ ⏲️ 👧 ⌚,⌚ 👧 😡 🚪,0.5,0.5,0.5,0
983,➕ 🕉️ 🔪 😣,🔪 ⚠️,0.5,0.25,0.33,0
984,🇷🇺 🚤 👌 ⏬,🇷🇺 👌 ⏬ 🚤,1.0,1.0,1.0,1
985,🐺 🍶 🎗️ 😞,🕉️,0.0,0.0,0.0,0
986,🕥 🕥 🏰 🩳,🕥 🏰 ⚔️ ℹ️,0.5,0.67,0.57,0
987,⛏️ 🍢 💴 📺,☺ 📺 🍶 📦,0.25,0.25,0.25,0
988,🪐 🧑 😞 🇳🇷,😞 📘 🪐 🪐,0.67,0.5,0.57,0
989,🧑‍🎤 🍬 💌,🍬 💌,1.0,0.67,0.8,0
990,➕ 🏥 🛖 🕉️,➕ 🛖 🏥 🕉️,1.0,1.0,1.0,1
991,🗣️ ℹ️ 🗯️,🇷🇼,0.0,0.0,0.0,0
992,🐇 🏬 🛒,🫗 🏬 🛒,0.67,0.67,0.67,0
993,👨 ♨️ 🕐 ➕,👨 ♨️ 🧑‍🦰,0.67,0.5,0.57,0
994,🕉️ 🕉️ 🤔 🇺🇸,🇺🇸 💵 ➖ 👩‍💼,0.25,0.33,0.29,0
995,🇺🇸 📚 ➕,📚,1.0,0.33,0.5,0
996,🎯 🎲 🕉️,🕉️,1.0,0.33,0.5,0
997,🕉️ ⌚ ⏲️ 😯,⏲️,1.0,0.25,0.4,0
998,🧌 ➕ 🕐 😞,🕐 🧌 ➕ 🕉️,0.75,0.75,0.75,0
999,👨 🪭 🏫,👨 🏫,1.0,0.67,0.8,0
